"id","is_reversible","string_agg"
"r_0001",False,"YEL071W, YJR048W, YEL039C, YDL174C"
"r_0002",False,"YJR048W, YEL039C, YDL178W"
"r_0003",True,"YAL060W"
"r_0004",False,"YJR048W, YML054C, YEL039C"
"r_0005",False,"YCR034W, YLR342W, YMR306W, YGR032W"
"r_0006",False,"YPR159W, YGR143W"
"r_0007",False,"YIL020C"
"r_0012",True,"YHR037W"
"r_0013",False,"YMR009W, YEL038W"
"r_0014",False,"YOL066C"
"r_0015",False,"YBR153W"
"r_0016",False,"YMR108W, YCL009C"
"r_0017",False,"YNL256W"
"r_0018",True,"YJL060W, YGL202W, YER152C"
"r_0019",False,"YHR063C"
"r_0020",False,"YBR249C, YDR035W"
"r_0021",False,"YOR125C, YOL096C, YML110C, YLR201C, YGR255C, YGL119W, YDR204W"
"r_0022",False,"YOR125C, YOL096C, YML110C, YLR201C, YGR255C, YGL119W, YDR204W"
"r_0023",True,"YGL009C"
"r_0024",False,"YOR108W, YNL104C"
"r_0025",False,"YNL104C"
"r_0026",False,"YHR137W, YGL202W, YJR148W, YHR208W"
"r_0027",True,"YDR234W"
"r_0028",False,"YPR001W"
"r_0029",False,"YJR148W"
"r_0030",False,"YHR208W"
"r_0032",False,"YOL064C"
"r_0033",False,"YOR360C, YGL248W"
"r_0034",False,"YOR360C"
"r_0035",False,"YOR360C"
"r_0036",False,"YOR360C"
"r_0037",False,"YOR360C"
"r_0038",False,"YDR487C"
"r_0039",False,"YDR127W"
"r_0040",False,"YDR127W"
"r_0041",False,"YBR265W"
"r_0042",False,"YDR035W, YBR249C"
"r_0043",False,"YDR376W, YPL252C"
"r_0044",False,"YDR539W, YDR538W"
"r_0045",False,"YLR231C"
"r_0057",False,"YKR009C"
"r_0058",False,"YJR025C"
"r_0059",False,"YER175C"
"r_0060",True,"YGL009C"
"r_0061",False,"YCL018W"
"r_0062",False,"YLR134W, YLR044C, YGR087C"
"r_0063",False,"YBR176W"
"r_0064",False,"YLR134W, YLR044C, YGR087C, YDL080C"
"r_0065",False,"YDR127W"
"r_0066",False,"YNR033W"
"r_0067",False,"YMR289W"
"r_0068",False,"YGR019W"
"r_0069",False,"YCR053W"
"r_0072",False,"YDL080C"
"r_0073",True,"YOR163W, YLR410W"
"r_0074",False,"YDR017C"
"r_0075",False,"YLR017W"
"r_0076",False,"YGL224C, YER037W"
"r_0077",False,"YOR155C"
"r_0078",False,"YGL224C, YER037W"
"r_0079",False,"YGR061C"
"r_0080",False,"YPL023C, YGL125W"
"r_0081",False,"YDR232W"
"r_0082",False,"YOR163W"
"r_0083",False,"YDR017C"
"r_0084",False,"YER183C"
"r_0085",False,"YER091C"
"r_0086",False,"YJR024C"
"r_0087",True,"YPR118W"
"r_0088",True,"YLR410W"
"r_0089",True,"YLR410W"
"r_0090",False,"YOL136C, YIL107C"
"r_0091",False,"YHR163W, YGR248W"
"r_0092",True,"YOR163W, YLR410W"
"r_0093",False,"YDR017C"
"r_0094",False,"YHR214W-F, YAR069W-A"
"r_0095",False,"YLR134W, YLR044C, YGR087C"
"r_0096",False,"YLR355C"
"r_0097",False,"YMR108W, YCL009C"
"r_0099",True,"YKL192C"
"r_0100",False,"YIL160C"
"r_0101",False,"YIL160C"
"r_0102",False,"YIL160C"
"r_0103",True,"YPL028W"
"r_0104",True,"YPL028W"
"r_0105",False,"YIL160C"
"r_0106",False,"YIL160C"
"r_0107",False,"YIL160C"
"r_0108",False,"YMR207C"
"r_0109",False,"YNR016C, YDL141W"
"r_0111",False,"YBL015W"
"r_0112",False,"YLR153C, YAL054C"
"r_0113",False,"YAL054C"
"r_0114",False,"YLR153C"
"r_0115",False,"YER069W"
"r_0116",False,"YHR215W, YBR092C, YAR071W, YBR093C"
"r_0117",True,"YPR002W"
"r_0118",False,"YOL140W"
"r_0119",False,"YPL148C"
"r_0120",False,"YGL205W"
"r_0121",False,"YGL205W"
"r_0122",False,"YGL205W"
"r_0123",False,"YGL205W"
"r_0124",False,"YGL205W"
"r_0125",False,"YGL205W"
"r_0126",True,"YCR048W"
"r_0127",True,"YNR019W, YCR048W"
"r_0128",True,"YCR048W"
"r_0129",True,"YCR048W"
"r_0130",True,"YCR048W"
"r_0131",True,"YCR048W"
"r_0132",True,"YNR019W, YCR048W"
"r_0133",True,"YCR048W"
"r_0134",True,"YCR048W"
"r_0135",True,"YCR048W"
"r_0137",True,"YJL091C"
"r_0138",False,"YNL141W"
"r_0139",False,"YML022W, YDR441C"
"r_0140",False,"YNL141W"
"r_0142",False,"YJR105W"
"r_0143",False,"YML035C"
"r_0144",False,"YER043C"
"r_0145",False,"YOL052C"
"r_0146",True,"YNR058W"
"r_0147",False,"YJL005W"
"r_0148",False,"YDR226W, YDL166C"
"r_0149",False,"YER170W"
"r_0150",True,"YER170W"
"r_0151",False,"YLR359W"
"r_0152",True,"YLR359W"
"r_0153",False,"YNL220W"
"r_0154",False,"YKL001C"
"r_0155",False,"YGR247W"
"r_0156",False,"YFL030W"
"r_0157",False,"YOR335C"
"r_0158",False,"YOR377W, YGR177C"
"r_0159",False,"YOR377W, YGR177C"
"r_0160",False,"YOR377W, YGR177C"
"r_0161",False,"YOR377W, YGR177C"
"r_0162",False,"YOR377W, YGR177C"
"r_0163",False,"YMR303C"
"r_0164",False,"YHR104W, YDR368W"
"r_0165",False,"YMR083W, YGL256W"
"r_0166",False,"YOL086C, YDL168W, YBR145W"
"r_0167",False,"YMR083W, YGL256W"
"r_0168",False,"YMR318C, YDR368W, YCR105W"
"r_0169",False,"YOL086C, YDL168W, YBR145W"
"r_0170",False,"YMR083W, YGL256W"
"r_0171",False,"YMR318C, YCR105W"
"r_0172",False,"YMR170C, YMR169C, YMR110C"
"r_0173",False,"YPL061W"
"r_0174",False,"YOR374W"
"r_0175",False,"YOR374W, YER073W"
"r_0176",False,"YOR374W"
"r_0177",False,"YPL061W"
"r_0178",False,"YOR374W, YER073W"
"r_0179",False,"YOL086C, YDL168W, YBR145W"
"r_0180",False,"YMR083W, YGL256W"
"r_0181",False,"YMR318C, YCR105W"
"r_0182",False,"YOL086C, YDL168W, YBR145W"
"r_0183",False,"YMR083W, YGL256W"
"r_0184",False,"YMR318C, YCR105W"
"r_0185",False,"YMR170C, YMR169C"
"r_0186",False,"YOL086C, YDL168W, YBR145W"
"r_0187",False,"YMR083W, YGL256W"
"r_0188",False,"YDR481C"
"r_0189",True,"YIR029W"
"r_0190",True,"YIR027C"
"r_0191",False,"YBR208C"
"r_0192",False,"YPL053C, YOR099W, YNL029C, YKR061W, YJL139C, YDR483W, YBR205W, YBR199W"
"r_0193",False,"YBR001C, YPR026W"
"r_0194",False,"YDR001C"
"r_0195",False,"YMR261C, YML100W, YDR074W, YBR126C"
"r_0198",False,"YJL221C, YJL216C, YIL172C, YGR292W, YGR287C, YBR299W"
"r_0199",False,"YMR293C, YDR242W"
"r_0201",False,"YOR374W"
"r_0202",False,"YDR354W"
"r_0203",False,"YKL211C, YER090W"
"r_0204",True,"YDR305C"
"r_0205",False,"YHR104W"
"r_0206",False,"YPL111W"
"r_0207",True,"YHR018C"
"r_0208",True,"YOL058W"
"r_0209",False,"YDR341C"
"r_0210",False,"YHR091C"
"r_0211",False,"YPR145W, YGR124W"
"r_0212",False,"YHR019C"
"r_0213",False,"YCR024C"
"r_0214",False,"YJL130C"
"r_0215",False,"YER052C"
"r_0216",True,"YLR027C"
"r_0217",False,"YKL106W"
"r_0218",True,"YLR027C"
"r_0219",False,"YDR158W"
"r_0220",False,"YLL018C"
"r_0221",False,"YPL104W"
"r_0222",False,"YDR530C"
"r_0223",False,"YCL050C"
"r_0224",False,"YCL050C"
"r_0225",False,"YER055C"
"r_0226",False,"YCL005W-A, YOL077W-A, YNL315C, YLR393W, YJL180C, YPR020W, YPL271W, YPL078C, YML081C-A, YLR295C, YKL016C, YJR121W, YDR377W, YDR322C-A, YDR298C, YDL004W, YBR039W, YBL099W, Q0130, Q0085, Q0080"
"r_0227",False,"YER005W, YPL036W, YGL008C, YEL017C-A, YCR024C-A"
"r_0228",False,"YBR110W"
"r_0229",True,"YGR286C"
"r_0230",False,"YDL141W"
"r_0231",False,"YNL280C"
"r_0233",False,"YMR015C"
"r_0234",False,"YGL001C"
"r_0235",False,"YGL001C"
"r_0236",False,"YLR100W"
"r_0237",False,"YLR100W"
"r_0238",False,"YGR060W"
"r_0239",False,"YGR060W"
"r_0240",False,"YGR060W"
"r_0241",False,"YGR060W"
"r_0242",False,"YLR056W"
"r_0243",False,"YMR202W"
"r_0244",False,"YGL012W"
"r_0249",True,"YKL019W, YDL090C"
"r_0250",False,"YOR303W, YJR109C, YJL130C"
"r_0252",False,"YER024W, YAR035W"
"r_0253",False,"YML042W"
"r_0254",False,"YML042W"
"r_0255",False,"YGR088W"
"r_0256",False,"YDR256C"
"r_0259",False,"YDR297W"
"r_0260",False,"YMR272C"
"r_0261",False,"YDR297W"
"r_0262",False,"YMR272C"
"r_0263",False,"YKL008C, YMR298W, YHL003C"
"r_0264",False,"YKL008C, YMR298W, YHL003C"
"r_0265",False,"YKL008C, YMR298W, YHL003C"
"r_0266",False,"YKL008C, YMR298W, YHL003C"
"r_0267",False,"YMR272C"
"r_0268",False,"YMR272C"
"r_0269",False,"YMR272C"
"r_0270",False,"YMR272C"
"r_0271",False,"YLR308W, YLR307W"
"r_0272",False,"YNL192W, YBR038W, YBR023C"
"r_0273",False,"YLR133W"
"r_0274",False,"YGR202C"
"r_0278",False,"YPR060C"
"r_0279",False,"YGL148W"
"r_0280",True,"YLR304C"
"r_0281",False,"YMR101C, YBR002C"
"r_0282",False,"YMR101C, YBR002C"
"r_0283",False,"YMR101C, YBR002C"
"r_0284",False,"YMR101C, YBR002C"
"r_0285",False,"YMR101C, YBR002C"
"r_0286",False,"YMR101C, YBR002C"
"r_0287",False,"YMR101C, YBR002C"
"r_0288",False,"YMR101C, YBR002C"
"r_0289",False,"YMR101C, YBR002C"
"r_0290",False,"YMR101C, YBR002C"
"r_0291",False,"YMR101C, YBR002C"
"r_0292",False,"YMR101C, YBR002C"
"r_0293",False,"YMR101C, YBR002C"
"r_0294",True,"YMR101C, YBR002C"
"r_0295",True,"YMR101C, YBR002C"
"r_0296",False,"YMR101C, YBR002C"
"r_0297",False,"YMR101C, YBR002C"
"r_0298",False,"YMR101C, YBR002C"
"r_0299",False,"YMR101C, YBR002C"
"r_0300",False,"YPR001W, YNR001C"
"r_0301",False,"YCR005C"
"r_0302",True,"YLR304C"
"r_0303",True,"YLR304C"
"r_0304",False,"YDR044W"
"r_0306",False,"YJR103W, YBL039C"
"r_0307",False,"YJR103W, YBL039C"
"r_0308",False,"YGL184C, YFR055W"
"r_0309",False,"YGR155W"
"r_0310",False,"YAL012W"
"r_0311",False,"YJR130C"
"r_0312",False,"YLR303W"
"r_0313",False,"YNL247W"
"r_0314",False,"YLR245C"
"r_0315",False,"YNR012W"
"r_0317",False,"YHR042W, YHR007C"
"r_0318",False,"YPR062W"
"r_0319",True,"YML086C"
"r_0320",False,"YMR041C"
"r_0321",False,"YBR149W"
"r_0322",True,"YKL060C"
"r_0323",False,"YJR159W, YDL246C"
"r_0326",True,"YHR144C"
"r_0327",False,"YHR144C"
"r_0328",False,"YNL141W"
"r_0329",False,"YLR245C"
"r_0330",True,"YDR454C"
"r_0331",False,"YHR068W"
"r_0332",False,"YCR036W"
"r_0334",False,"YDR196C"
"r_0335",True,"YNR057C"
"r_0340",True,"YPL087W"
"r_0341",True,"YPL087W"
"r_0342",False,"YPL087W"
"r_0343",False,"YPL087W"
"r_0344",False,"YOR236W"
"r_0345",False,"YOR236W"
"r_0346",False,"YMR113W"
"r_0347",False,"YNL256W"
"r_0348",False,"YDL100C"
"r_0349",True,"YLR420W"
"r_0350",False,"YNL256W"
"r_0351",False,"YNL256W"
"r_0352",False,"YJR016C"
"r_0353",False,"YJR016C"
"r_0354",False,"YML070W, YFL053W"
"r_0355",False,"YJL167W"
"r_0356",True,"YKL152C"
"r_0357",False,"YOR163W"
"r_0358",False,"YDR017C"
"r_0359",False,"YLR172C"
"r_0360",False,"YMR013C"
"r_0361",False,"YPR183W"
"r_0362",False,"YOR321W, YJR143C, YDL093W, YDL095W, YAL023C"
"r_0363",False,"YJR057W"
"r_0364",False,"YBR252W, YJR069C"
"r_0365",False,"YJR153W"
"r_0366",True,"YOR393W, YMR323W, YHR174W, YGR254W, YPL281C"
"r_0368",False,"YLR133W, YDR147W"
"r_0369",False,"YOR126C"
"r_0370",False,"YOR190W, YNR067C, YLR300W, YGR282C, YDR261C"
"r_0373",False,"YPL069C"
"r_0399",True,"YER015W"
"r_0400",True,"YER015W"
"r_0402",True,"YER015W"
"r_0410",True,"YER015W"
"r_0412",True,"YER015W"
"r_0436",False,"YOR176W"
"r_0437",False,"YJR048W, YKR066C, YEL039C"
"r_0438",False,"YLL018C-A, YPL132W, YJL003W, YGR062C, YDR231C, YHR116W, YJR048W, YNL052W, YMR256C, YLR395C, YLR038C, YIL111W, YHR051W, YGL191W, YGL187C, YEL039C, YDL067C, Q0275, Q0250, Q0045"
"r_0439",False,"YJR048W, YPR191W, YOR065W, YJL166W, YHR001W-A, YGR183C, YFR033C, YEL039C, YEL024W, YDR529C, YBL045C, Q0105"
"r_0440",False,"YDL045C"
"r_0441",False,"YLR011W"
"r_0442",False,"YLR011W"
"r_0443",False,"YDL168W"
"r_0445",False,"YOR388C"
"r_0446",True,"YGR204W"
"r_0447",True,"YBR084W"
"r_0448",False,"YJL155C, YLR345W"
"r_0449",False,"YLR377C"
"r_0450",True,"YKL060C"
"r_0451",True,"YPL262W"
"r_0452",True,"YPL262W"
"r_0453",False,"YKL216W"
"r_0454",True,"YEL047C"
"r_0455",True,"YEL047C"
"r_0457",False,"YLR299W"
"r_0458",False,"YBR020W"
"r_0459",False,"YBR018C"
"r_0460",False,"YJL101C"
"r_0462",False,"YJL167W"
"r_0463",False,"YPR184W"
"r_0464",False,"YIL099W"
"r_0466",False,"YNL241C"
"r_0467",True,"YBR196C"
"r_0468",False,"YDR300C"
"r_0469",False,"YMR250W"
"r_0470",False,"YDL215C"
"r_0471",False,"YOR375C, YAL062W"
"r_0472",False,"YDL171C"
"r_0473",False,"YOR323C"
"r_0475",False,"YNL334C, YFL060C"
"r_0476",False,"YPR035W"
"r_0477",False,"YKL104C, YMR084W"
"r_0478",False,"YOR168W"
"r_0479",False,"YGL245W"
"r_0480",False,"YOL033W"
"r_0481",False,"YER174C, YDR513W, YDR098C, YPL091W, YCL035C"
"r_0482",False,"YPL091W, YPL059W"
"r_0483",True,"YKL026C, YIR037W, YDR513W, YCL035C, YBR244W, YNL229C"
"r_0484",True,"YPL059W"
"r_0485",False,"YOL049W"
"r_0486",True,"YJR009C, YJL052W, YGR192C"
"r_0487",False,"YOR120W"
"r_0488",False,"YHL032C"
"r_0489",False,"YIL053W, YER062C"
"r_0490",False,"YIL155C"
"r_0491",False,"YOL059W, YDL022W"
"r_0492",False,"YOL059W"
"r_0497",False,"YPL110C"
"r_0499",False,"YDR408C"
"r_0501",False,"YMR189W, YFL018C, YDR019C, YAL044C"
"r_0502",True,"YLR058C"
"r_0503",True,"YBR263W"
"r_0504",False,"YMR189W, YFL018C, YDR019C, YAL044C"
"r_0505",False,"YIL125W, YDR148C, YMR189W, YFL018C, YDR019C, YAL044C"
"r_0506",False,"YMR189W, YFL018C, YDR019C, YAL044C"
"r_0507",False,"YMR189W, YFL018C, YDR019C, YAL044C"
"r_0508",False,"YMR189W, YFL018C, YDR019C, YAL044C"
"r_0509",False,"YMR189W, YFL018C, YDR019C, YAL044C"
"r_0510",False,"YLR258W, YKR058W, YJL137C, YFR015C"
"r_0511",False,"YPR160W"
"r_0512",False,"YPR081C, YBR121C"
"r_0514",False,"YMR217W"
"r_0518",True,"YMR281W"
"r_0519",True,"YJR013W, YCL052C"
"r_0520",True,"YKL165C"
"r_0521",True,"YBR004C"
"r_0522",True,"YGL142C"
"r_0523",True,"YLL031C, YDR302W"
"r_0524",False,"YGR267C"
"r_0525",False,"YBL033C"
"r_0526",False,"YDL238C"
"r_0527",False,"YDR399W"
"r_0528",False,"YDR454C"
"r_0529",True,"YDR454C"
"r_0530",False,"YPL252C, YDR376W, YER141W"
"r_0531",False,"YPL172C"
"r_0532",False,"YOR125C, YOL096C, YML110C, YLR201C, YGR255C, YGL119W, YDR204W"
"r_0533",False,"YGL253W, YFR053C, YLR446W"
"r_0534",False,"YGL253W, YFR053C, YCL040W, YLR446W"
"r_0535",False,"YGL253W, YFR053C, YLR446W"
"r_0536",False,"YCL030C"
"r_0537",False,"YFR025C"
"r_0538",False,"YIL116W"
"r_0539",False,"YPR033C"
"r_0540",False,"YPR033C"
"r_0541",False,"YBR034C"
"r_0542",True,"YDR234W, YJL200C"
"r_0543",False,"YDL182W, YDL131W"
"r_0544",False,"YPL273W, YLL062C"
"r_0545",False,"YIL094C"
"r_0546",False,"YJR139C"
"r_0547",False,"YJR139C"
"r_0548",False,"YHR025W"
"r_0549",False,"YNL277W"
"r_0550",False,"YLR043C, YGR209C, YDR453C"
"r_0551",False,"YCR083W, YBL064C"
"r_0552",False,"YLR043C, YLR109W, YGR209C"
"r_0553",False,"YDR272W"
"r_0554",False,"YOR040W"
"r_0555",False,"YNR041C"
"r_0556",False,"YPL214C"
"r_0557",False,"YDL205C"
"r_0558",False,"YML075C, YLR450W"
"r_0559",False,"YML126C"
"r_0560",False,"YML126C"
"r_0561",False,"YPR121W, YPL258C, YOL055C"
"r_0562",False,"YDR399W"
"r_0563",False,"YBR248C"
"r_0564",False,"YOR202W"
"r_0565",False,"YML056C, YLR432W, YHR216W"
"r_0566",False,"YKL211C"
"r_0567",False,"YLR134W, YLR044C, YGR087C"
"r_0568",False,"YBR011C"
"r_0569",False,"YMR267W"
"r_0570",True,"YMR120C, YLR028C"
"r_0571",False,"YDR315C"
"r_0572",False,"YDR173C"
"r_0573",False,"YDR173C"
"r_0574",False,"YDR173C"
"r_0575",False,"YDR173C"
"r_0596",False,"YER019W"
"r_0597",False,"YER019W"
"r_0598",False,"YER019W"
"r_0599",False,"YER019W"
"r_0600",False,"YER019W"
"r_0601",False,"YER019W"
"r_0602",False,"YER019W"
"r_0603",False,"YER019W"
"r_0604",False,"YER019W"
"r_0605",False,"YER019W"
"r_0606",False,"YER019W"
"r_0607",False,"YER019W"
"r_0608",False,"YER019W"
"r_0609",False,"YER019W"
"r_0610",False,"YER019W"
"r_0611",False,"YER019W"
"r_0612",False,"YER019W"
"r_0613",False,"YER019W"
"r_0614",False,"YER019W"
"r_0615",False,"YER019W"
"r_0616",False,"YER019W"
"r_0617",False,"YER019W"
"r_0618",False,"YER019W"
"r_0619",False,"YER019W"
"r_0620",False,"YER019W"
"r_0621",False,"YER019W"
"r_0622",False,"YER019W"
"r_0623",False,"YER019W"
"r_0624",False,"YER019W"
"r_0625",False,"YER019W"
"r_0626",False,"YER019W"
"r_0627",False,"YER019W"
"r_0628",False,"YER019W"
"r_0629",False,"YER019W"
"r_0630",False,"YER019W"
"r_0631",False,"YER019W"
"r_0632",False,"YER019W"
"r_0633",False,"YER019W"
"r_0634",False,"YER019W"
"r_0635",False,"YER019W"
"r_0636",False,"YER019W"
"r_0637",False,"YER019W"
"r_0638",False,"YER019W"
"r_0639",False,"YER019W"
"r_0640",False,"YER019W"
"r_0641",False,"YER019W"
"r_0642",False,"YER019W"
"r_0643",False,"YER019W"
"r_0644",False,"YER019W"
"r_0645",False,"YER019W"
"r_0646",False,"YER019W"
"r_0647",False,"YER019W"
"r_0648",False,"YER019W"
"r_0649",False,"YER019W"
"r_0650",False,"YER019W"
"r_0651",False,"YER019W"
"r_0652",False,"YER019W"
"r_0653",False,"YER019W"
"r_0654",False,"YER019W"
"r_0655",False,"YER019W"
"r_0656",False,"YOR126C"
"r_0657",False,"YOR126C"
"r_0658",False,"YOR136W, YNL037C"
"r_0659",True,"YLR174W"
"r_0661",False,"YNL009W"
"r_0662",False,"YER065C"
"r_0663",True,"YJR148W"
"r_0664",True,"YHR208W"
"r_0665",False,"YBL076C"
"r_0666",False,"YPL040C"
"r_0667",True,"YPL117C"
"r_0668",True,"YOR142W, YGR244C"
"r_0669",False,"YLR355C"
"r_0670",False,"YLR231C"
"r_0671",False,"YBL098W"
"r_0672",True,"YHR037W"
"r_0673",True,"YHR037W"
"r_0674",True,"YLR089C"
"r_0675",False,"YEL046C"
"r_0676",True,"YMR226C"
"r_0678",False,"YGL154C, YBR115C"
"r_0679",False,"YDR321W"
"r_0680",False,"YLR160C, YLR158C, YLR157C, YLR155C"
"r_0681",False,"YLR027C"
"r_0682",False,"YKL106W"
"r_0683",False,"YLR027C"
"r_0687",False,"YER023W"
"r_0688",False,"YOL151W, YHR104W"
"r_0689",False,"YCL064C"
"r_0690",False,"YMR226C"
"r_0691",False,"YJR159W"
"r_0692",False,"YCL064C"
"r_0693",False,"YER086W"
"r_0694",False,"YJR078W"
"r_0695",False,"YDR403W"
"r_0696",False,"YOL151W"
"r_0697",False,"YML004C"
"r_0698",False,"YHR072W"
"r_0699",True,"YJR148W"
"r_0700",True,"YHR208W"
"r_0701",False,"YPL160W"
"r_0702",False,"YLR382C"
"r_0703",True,"YNL045W"
"r_0704",True,"YNL045W"
"r_0705",True,"YNL045W"
"r_0706",True,"YNL045W"
"r_0707",True,"YNL045W"
"r_0708",True,"YNL045W"
"r_0711",False,"YDR037W"
"r_0712",False,"YNL073W"
"r_0713",True,"YKL085W"
"r_0714",True,"YOL126C"
"r_0715",True,"YDL078C"
"r_0716",False,"YNL117W, YIR031C"
"r_0717",False,"YNL117W"
"r_0718",False,"YKL029C"
"r_0719",False,"YKL029C"
"r_0721",True,"YOR221C, YKL192C"
"r_0722",False,"YDL055C"
"r_0723",True,"YER003C"
"r_0724",True,"YBR084W"
"r_0725",True,"YGR204W"
"r_0726",False,"YLR180W, YDR502C"
"r_0727",False,"YER091C"
"r_0728",False,"YBL013W"
"r_0729",False,"YGR264C"
"r_0730",False,"YGR171C"
"r_0731",False,"YKR080W"
"r_0732",True,"YGR204W"
"r_0733",True,"YBR084W"
"r_0734",False,"YPR006C"
"r_0735",False,"YMR208W"
"r_0736",False,"YMR208W"
"r_0737",False,"YMR208W"
"r_0738",False,"YMR208W"
"r_0739",False,"YNR043W"
"r_0747",False,"YPL057C, YBR161W, YBR036C"
"r_0748",False,"YPL057C, YBR161W, YBR036C"
"r_0749",False,"YPL057C, YBR161W, YBR036C"
"r_0750",False,"YPL057C, YBR161W, YBR036C"
"r_0751",False,"YPL057C, YBR161W, YBR036C"
"r_0752",False,"YPL057C, YBR161W, YBR036C"
"r_0753",False,"YPL057C, YBR161W, YBR036C"
"r_0754",False,"YPL057C, YBR161W, YBR036C"
"r_0755",False,"YPL057C, YBR161W, YBR036C"
"r_0756",False,"YPL057C, YBR161W, YBR036C"
"r_0757",False,"YHR046C, YDR287W"
"r_0758",False,"YJL153C"
"r_0759",False,"YER069W"
"r_0760",True,"YFL017C"
"r_0761",True,"YMR062C, YJL071W"
"r_0762",False,"YDR428C"
"r_0763",False,"YDR403W, YDR402C"
"r_0764",False,"YGL067W"
"r_0765",False,"YJR049C, YEL041W"
"r_0766",False,"YPL188W, YJR049C, YEL041W"
"r_0767",False,"YPL015C, YOR025W, YOL068C, YDR191W, YDL042C"
"r_0768",False,"YHR074W"
"r_0769",True,"YHR074W"
"r_0770",False,"YMR145C, YDL085W"
"r_0771",False,"YJR049C, YEL041W"
"r_0772",False,"YPL188W, YJR049C, YEL041W"
"r_0773",False,"YML120C"
"r_0774",False,"YOR209C"
"r_0775",False,"YOR209C"
"r_0781",False,"YGL037C"
"r_0782",False,"YLR285W"
"r_0783",False,"YLR328W, YCL047C"
"r_0784",False,"YLR328W, YGR010W"
"r_0785",False,"YLR328W, YGR010W"
"r_0786",False,"YFR047C"
"r_0787",False,"YFR047C"
"r_0788",False,"YER005W"
"r_0789",False,"YER005W"
"r_0790",False,"YER005W"
"r_0791",False,"YEL042W"
"r_0792",False,"YER005W"
"r_0793",False,"YER005W"
"r_0795",False,"YKL067W"
"r_0796",False,"YKL067W"
"r_0797",False,"YKL067W"
"r_0798",False,"YKL067W"
"r_0799",False,"YKL067W"
"r_0800",False,"YKL067W"
"r_0801",False,"YKL067W"
"r_0802",True,"YKL067W"
"r_0803",True,"YKL067W"
"r_0804",False,"YER005W, YLL001W, YAL035W"
"r_0805",False,"YER005W"
"r_0806",False,"YER005W"
"r_0807",False,"YER005W"
"r_0810",False,"YEL042W"
"r_0811",False,"YKL067W"
"r_0812",False,"YLR303W"
"r_0813",False,"YLR303W"
"r_0815",True,"YAL012W, YML082W, YLL058W"
"r_0816",False,"YJL088W"
"r_0817",False,"YKL184W"
"r_0818",False,"YMR062C"
"r_0819",False,"YLR438W"
"r_0820",True,"YMR271C, YML106W"
"r_0821",False,"YEL021W"
"r_0831",False,"YIL125W, YFL018C, YDR148C"
"r_0832",False,"YIL125W, YFL018C, YDR148C"
"r_0841",False,"YGR277C"
"r_0842",False,"YDR531W"
"r_0843",False,"YIL145C"
"r_0844",False,"YJR019C"
"r_0845",False,"YJR019C"
"r_0847",False,"YJR019C"
"r_0848",False,"YJR019C"
"r_0849",False,"YJR019C"
"r_0850",False,"YJR019C"
"r_0851",True,"YGL202W"
"r_0852",False,"YLR060W, YFL022C"
"r_0853",False,"YPR047W"
"r_0854",False,"YDR380W"
"r_0855",False,"YGL234W"
"r_0882",True,"YEL058W"
"r_0883",False,"YLR043C, YPR167C, YGR209C"
"r_0884",False,"YKR097W"
"r_0885",False,"YGR007W"
"r_0886",False,"YGR240C, YMR205C"
"r_0887",False,"YGR240C, YMR205C"
"r_0888",True,"YKL127W, YMR105C"
"r_0889",False,"YHR183W, YGR256W"
"r_0890",True,"YEL058W"
"r_0891",False,"YIL074C, YER081W"
"r_0892",True,"YCR012W"
"r_0893",True,"YKL152C, YOR283W"
"r_0902",True,"YFL045C"
"r_0903",False,"YPR121W, YPL258C, YOL055C"
"r_0904",False,"YMR220W"
"r_0905",False,"YIL083C"
"r_0906",False,"YOR054C, YKR072C, YKL088W"
"r_0907",True,"YMR278W, YMR105C, YKL127W"
"r_0908",False,"YAR015W"
"r_0909",False,"YCL030C"
"r_0910",False,"YCL030C"
"r_0911",False,"YOR128C"
"r_0912",True,"YMR120C, YLR028C"
"r_0913",False,"YDR007W"
"r_0914",False,"YGL234W"
"r_0915",False,"YMR300C"
"r_0916",False,"YOL061W, YBL068W, YHL011C, YER099C, YKL181W"
"r_0917",False,"YGR208W"
"r_0918",False,"YOR184W"
"r_0919",False,"YBR183W"
"r_0920",False,"YDR402C"
"r_0921",False,"YDR294C"
"r_0922",False,"YDR297W"
"r_0929",False,"YMR020W"
"r_0935",False,"YGL040C"
"r_0936",False,"YMR020W"
"r_0937",False,"YMR020W"
"r_0938",False,"YNL316C"
"r_0939",False,"YBR166C"
"r_0940",False,"YLR142W"
"r_0941",False,"YHR020W"
"r_0942",False,"YER014W"
"r_0943",False,"YLR209C, YLR017W, YDR400W"
"r_0949",True,"YLR209C"
"r_0950",True,"YLR209C"
"r_0951",True,"YLR209C"
"r_0953",False,"YBR035C"
"r_0954",False,"YBR035C"
"r_0955",True,"YBR035C"
"r_0956",False,"YBR035C"
"r_0957",False,"YER023W"
"r_0958",False,"YGL062W, YBR218C"
"r_0959",False,"YLR134W, YLR044C, YGR087C"
"r_0960",False,"YLR134W, YLR044C, YGR087C"
"r_0961",False,"YNL071W, YGR193C, YFL018C, YER178W, YBR221C"
"r_0962",False,"YOR347C, YAL038W"
"r_0963",False,"YOR125C, YOL096C, YML110C, YLR201C, YGR255C, YGL119W, YDR204W"
"r_0964",False,"YDR135C"
"r_0965",False,"YDR236C"
"r_0966",False,"YDR236C"
"r_0967",False,"YOL143C"
"r_0968",False,"YBR256C"
"r_0969",False,"YCR036W"
"r_0970",False,"YGR209C"
"r_0971",False,"YGR209C"
"r_0972",False,"YGR209C"
"r_0973",False,"YGR209C"
"r_0974",False,"YJL026W, YIL066C, YGR180C, YER070W"
"r_0975",False,"YJL026W, YIL066C, YGR180C, YER070W"
"r_0976",False,"YJL026W, YIL066C, YGR180C, YER070W"
"r_0977",False,"YJL026W, YIL066C, YGR180C, YER070W"
"r_0978",False,"YJL026W, YIL066C, YGR180C, YER070W"
"r_0979",False,"YJL026W, YIL066C, YGR180C, YER070W"
"r_0982",True,"YOR095C"
"r_0983",False,"YNL129W"
"r_0984",True,"YJL121C"
"r_0985",False,"YOR125C, YOL096C, YML110C, YLR201C, YGR255C, YGL119W, YDR204W"
"r_0986",False,"YML008C"
"r_0987",True,"YJL068C"
"r_0988",False,"YIR034C"
"r_0989",False,"YNR050C"
"r_0990",True,"YKL060C"
"r_0992",False,"YHR013C, YGR147C, YDL040C"
"r_0993",False,"YMR296C, YDR062W, YBR058C-A"
"r_0995",False,"YHR011W, YDR023W"
"r_0996",False,"YDR127W"
"r_0997",False,"YDR127W"
"r_0998",False,"YBR213W"
"r_0999",False,"YBR213W"
"r_1000",True,"YEL047C"
"r_1001",False,"YPR069C"
"r_1002",False,"YLR146C"
"r_1003",False,"YDR294C"
"r_1004",False,"YKR053C, YJL134W"
"r_1005",False,"YKR053C, YJL134W"
"r_1006",False,"YOR171C, YLR260W"
"r_1007",False,"YOR171C, YLR260W"
"r_1010",False,"YGR175C"
"r_1011",False,"YGR175C"
"r_1012",False,"YHR190W"
"r_1021",True,"YLR164W, YKL148C, YLL041C, YKL141W, YJL045W, YDR178W"
"r_1022",False,"YOR142W, YGR244C"
"r_1023",False,"YBR006W"
"r_1024",False,"YIL162W"
"r_1025",False,"YJR010W"
"r_1026",False,"YCL050C"
"r_1027",False,"YJR137C, YFR030W"
"r_1028",False,"YLL048C"
"r_1029",False,"YLL057C"
"r_1030",False,"YMR189W, YFL018C, YDR019C, YAL044C"
"r_1031",True,"YOR241W, YKL132C"
"r_1032",False,"YBR092C"
"r_1033",False,"YBR092C"
"r_1034",False,"YOR143C"
"r_1035",False,"YOR143C"
"r_1036",False,"YPL214C"
"r_1037",False,"YLR043C, YIL010W, YGR209C"
"r_1038",False,"YLR043C, YGR209C, YDR353W"
"r_1039",False,"YPL091W, YHR106W, YCR083W"
"r_1040",False,"YEL046C"
"r_1041",False,"YCR053W"
"r_1042",False,"YIL078W"
"r_1043",False,"YKL194C"
"r_1045",False,"YOR074C"
"r_1046",False,"YER175C"
"r_1047",False,"YBR003W"
"r_1048",True,"YLR354C, YGR043C"
"r_1049",True,"YPR074C, YBR117C"
"r_1050",True,"YPR074C, YBR117C"
"r_1051",False,"YMR261C, YML100W, YDR074W, YBR126C"
"r_1054",True,"YDR050C"
"r_1055",False,"YGL026C"
"r_1056",False,"YGL202W"
"r_1057",False,"YOL097C"
"r_1058",False,"YDR268W"
"r_1063",True,"YGL202W"
"r_1065",False,"YLR027C"
"r_1066",False,"YGR185C"
"r_1067",False,"YPL097W"
"r_1068",False,"YLR189C"
"r_1069",True,"YDL103C"
"r_1070",True,"YBR019C"
"r_1071",True,"YBR018C"
"r_1072",False,"YKL024C"
"r_1073",False,"YKL024C"
"r_1074",False,"YHR128W"
"r_1075",False,"YBR208C"
"r_1076",False,"YIR032C"
"r_1077",False,"YNR012W, YDR020C"
"r_1078",False,"YNR012W, YDR020C"
"r_1079",False,"YKL024C"
"r_1080",False,"YKL024C"
"r_1081",False,"YDR047W"
"r_1082",False,"YKR069W"
"r_1083",False,"YOR278W"
"r_1084",True,"YKL035W, YHL012W"
"r_1085",False,"YPR036W, YPL234C, YOR332W, YMR054W, YLR447C, YKL080W, YHR039C-A, YHR026W, YGR020C, YEL051W, YEL027W, YDL185W, YBR127C"
"r_1086",False,"YPR036W, YPL234C, YOR332W, YOR270C, YLR447C, YKL080W, YHR039C-A, YHR026W, YGR020C, YEL051W, YEL027W, YDL185W, YBR127C"
"r_1087",True,"YJR148W"
"r_1088",True,"YHR208W"
"r_1089",False,"YGR094W"
"r_1090",False,"YGR094W"
"r_1091",False,"YJR133W"
"r_1092",False,"YLR070C"
"r_1093",False,"YHR104W"
"r_1094",False,"YGR194C"
"r_1095",True,"YPL212C, YNL292W, YGL063W, YFL001W"
"r_1099",True,"YPL134C, YOR222W"
"r_1101",False,"YOR348C, YDL210W"
"r_1102",False,"YDL210W"
"r_1104",True,"YNR056C"
"r_1106",True,"YCR010C"
"r_1108",False,"YGL186C, YER060W-A, YER060W, YER056C"
"r_1109",False,"YAL022C"
"r_1110",True,"YMR056C, YBR085W, YBL030C"
"r_1111",False,"YPR128C"
"r_1112",True,"YMR241W"
"r_1113",False,"YJR152W"
"r_1114",False,"YIR028W"
"r_1115",True,"YPR138C, YNL142W, YGR121C, YDR384C"
"r_1116",False,"YPR128C"
"r_1118",False,"YPR021C"
"r_1119",False,"YGR065C"
"r_1120",False,"YOR100C"
"r_1125",False,"YGL077C"
"r_1126",True,"YBR291C"
"r_1127",True,"YBR291C"
"r_1128",True,"YBR291C"
"r_1129",False,"YHR002W"
"r_1130",False,"YBR192W"
"r_1131",False,"YBR192W"
"r_1132",False,"YAL022C"
"r_1133",False,"YGL186C, YER060W-A, YER060W, YER056C"
"r_1134",False,"YOL156W, YNR072W, YMR011W, YJR158W, YJL219W, YJL214W, YHR096C, YHR094C, YHR092C, YFL011W, YEL069C, YDR345C, YDR343C, YDR342C, YDL245C"
"r_1135",False,"YOL156W, YNL318C, YLR081W, YJL219W, YFL011W, YDR536W"
"r_1136",True,"YKL217W"
"r_1139",False,"YOL156W, YNR072W, YMR011W, YJR158W, YJL219W, YJL214W, YHR096C, YHR094C, YHR092C, YFL011W, YEL069C, YDR345C, YDR343C, YDR342C, YDL245C"
"r_1146",True,"YOR011W, YIL013C"
"r_1147",True,"YOR011W, YIL013C"
"r_1148",True,"YOR011W, YIL013C"
"r_1151",False,"YIL134W"
"r_1161",True,"YOR011W, YIL013C"
"r_1162",True,"YOR011W, YIL013C"
"r_1165",False,"YGL225W"
"r_1166",False,"YDR387C, YOL156W, YNR072W, YMR011W, YLR081W, YJR160C, YJR158W, YJL219W, YJL214W, YHR096C, YHR094C, YHR092C, YFL011W, YEL069C, YDR536W, YDR345C, YDR343C, YDR342C, YDL247W, YDL245C"
"r_1167",False,"YJL212C"
"r_1168",True,"YLL015W, YDR135C"
"r_1169",True,"YCR098C"
"r_1170",True,"YCR098C"
"r_1171",False,"YPL189W, YGL084C, YDR536W"
"r_1172",False,"YLL043W, YFL054C"
"r_1173",True,"YPL265W, YOR348C, YOL020W, YKR039W, YCL025C"
"r_1175",False,"YDL198C"
"r_1176",True,"YGL186C, YER060W-A, YER060W, YER056C"
"r_1177",False,"YOL103W, YDR497C"
"r_1178",False,"YMR058W, YMR319C"
"r_1183",True,"YPL265W, YOR348C, YOL020W, YKR039W, YDR046C, YCL025C, YBR068C"
"r_1184",True,"YNL270C, YKR039W, YEL063C"
"r_1185",False,"YBR293W, YOL092W"
"r_1186",True,"YPL265W, YKR039W, YDR508C, YCL025C"
"r_1187",False,"YJR001W"
"r_1188",False,"YNL101W, YKL146W"
"r_1189",False,"YER119C"
"r_1190",True,"YPL265W, YKR039W, YFL055W"
"r_1191",True,"YBR132C"
"r_1192",True,"YOL020W, YKR039W, YDR508C, YDR046C, YCL025C, YBR069C, YBR068C"
"r_1193",False,"YCR075C"
"r_1194",False,"YPR021C"
"r_1195",False,"YER119C"
"r_1196",True,"YPL265W, YKR039W, YFL055W, YCL025C"
"r_1197",False,"YJR001W"
"r_1198",False,"YNL101W, YKL146W"
"r_1199",True,"YPL265W, YKR039W, YDR508C, YCL025C"
"r_1200",False,"YMR088C, YCL069W, YBR293W, YOL092W"
"r_1201",True,"YKR039W, YGR191W, YBR069C"
"r_1202",True,"YCL038C"
"r_1203",False,"YJR001W"
"r_1204",False,"YNL101W, YKL146W"
"r_1205",True,"YKR039W, YDR046C, YCL025C, YBR069C, YBR068C"
"r_1206",True,"YKL217W"
"r_1207",False,"YKL217W"
"r_1208",True,"YCL038C"
"r_1209",False,"YJR001W"
"r_1210",False,"YNL101W, YKL146W"
"r_1211",True,"YKR039W, YDR508C, YDR046C, YCL025C, YBR069C, YBR068C"
"r_1212",False,"YMR088C, YCL069W, YBR293W, YOL092W"
"r_1213",True,"YNL268W, YKR039W"
"r_1214",True,"YKR039W, YHL036W, YGR055W, YDR508C, YDR046C, YCL025C, YBR068C"
"r_1215",True,"YOL020W, YKR039W, YDR046C, YCL025C, YBR068C"
"r_1216",True,"YOR348C, YKR039W"
"r_1217",True,"YDR105C, YPL265W, YKR039W, YFL055W, YDR508C, YCL025C"
"r_1218",True,"YKR039W, YDR508C, YDR046C, YCL025C, YBR069C"
"r_1219",True,"YOL020W, YKR039W, YDR046C, YBR069C, YBR068C"
"r_1220",True,"YCL038C"
"r_1221",False,"YJR001W, YBR293W"
"r_1222",False,"YNL101W, YKL146W"
"r_1223",True,"YOL020W, YKR039W, YDR046C, YCL025C, YBR069C, YBR068C"
"r_1224",True,"YKR039W, YDR046C, YCL025C, YBR069C, YBR068C"
"r_1225",True,"YOR011W, YIL013C"
"r_1226",False,"YLR348C"
"r_1227",False,"YJR160C, YGR289C, YDL247W, YBR298C"
"r_1228",False,"YBR180W"
"r_1229",False,"YIL006W, YEL006W"
"r_1230",False,"YIL006W"
"r_1231",False,"YIL006W"
"r_1232",False,"YIL006W"
"r_1235",True,"YGR260W"
"r_1237",False,"YOR130C"
"r_1238",True,"YKR039W, YEL063C"
"r_1239",False,"YKL120W"
"r_1241",True,"YCR028C"
"r_1244",True,"YNR013C, YML123C, YJL198W, YCR037C, YBR296C"
"r_1245",False,"YJR077C, YER053C"
"r_1249",True,"YJL129C, YDR456W"
"r_1250",False,"YKL174C"
"r_1251",True,"YOR273C, YLL028W"
"r_1252",True,"YOR273C, YLL028W"
"r_1253",True,"YGL186C"
"r_1254",True,"YKL217W"
"r_1255",False,"YPL274W"
"r_1256",True,"YNL003C"
"r_1257",False,"YLL061W"
"r_1258",True,"YLR138W, YDR456W"
"r_1259",False,"YKL174C"
"r_1260",True,"YPL274W, YOR273C, YLL028W, YKR039W, YHL016C, YBR132C"
"r_1261",True,"YOR273C, YLL028W"
"r_1262",True,"YPR156C, YOR273C, YLL028W, YGR138C"
"r_1263",True,"YPR156C, YOR273C, YLL028W, YGR138C"
"r_1264",False,"YLR348C"
"r_1265",False,"YJR095W"
"r_1266",False,"YLR092W, YBR294W"
"r_1267",False,"YPL092W"
"r_1269",False,"YGR096W"
"r_1270",False,"YOR192C, YOR071C, YLR237W"
"r_1271",False,"YPL244C"
"r_1272",False,"YBR021W"
"r_1273",True,"YHL016C"
"r_1274",False,"YBL042C"
"r_1275",False,"YBR192W"
"r_1276",False,"YBR192W"
"r_1277",True,"YPR192W, YLL052C"
"r_1278",True,"YOR011W, YIL013C"
"r_1603",False,"YFL058W"
"r_1619",False,"YER037W"
"r_1623",False,"YER183C"
"r_1624",False,"YER183C"
"r_1667",True,"YNL036W"
"r_1729",True,"YDL166C"
"r_1739",False,"YDR071C"
"r_1790",False,"YDL045C"
"r_1805",True,"YGL104C, YBR241C"
"r_1838",False,"YDL182W, YDL131W"
"r_2025",False,"YNR027W"
"r_2029",False,"YEL029C"
"r_2034",False,"YHR162W, YGR243W, YGL080W"
"r_2064",False,"YDL024C"
"r_2079",True,"YGR289C"
"r_2112",True,"YJL060W"
"r_2115",False,"YOL086C, YBR145W"
"r_2116",False,"YOR374W, YER073W, YMR170C, YMR110C"
"r_2117",True,"YHR137W"
"r_2118",False,"YHR137W"
"r_2119",True,"YHR137W"
"r_2126",False,"YKR043C"
"r_2131",False,"YDL066W"
"r_2132",False,"YPL134C, YOR222W"
"r_2140",False,"YPL231W, YKL182W"
"r_2141",False,"YPL231W, YKL182W"
"r_2142",False,"YKL192C, YER061C"
"r_2143",False,"YKL192C, YER061C"
"r_2144",False,"YKL192C, YER061C"
"r_2145",False,"YKL055C"
"r_2146",False,"YKL055C"
"r_2147",False,"YKL055C"
"r_2148",True,"YHR067W"
"r_2149",True,"YHR067W"
"r_2150",True,"YHR067W"
"r_2151",False,"YBR026C"
"r_2152",False,"YBR026C"
"r_2153",False,"YBR026C"
"r_2154",False,"YJL196C"
"r_2155",False,"YJL196C"
"r_2156",False,"YCR034W"
"r_2157",False,"YLR372W, YCR034W"
"r_2158",False,"YLR372W, YCR034W"
"r_2159",False,"YLR372W, YCR034W"
"r_2160",False,"YLR372W"
"r_2161",False,"YBR159W"
"r_2162",False,"YBR159W"
"r_2163",False,"YBR159W"
"r_2164",False,"YBR159W"
"r_2165",False,"YBR159W"
"r_2166",False,"YBR159W"
"r_2167",False,"YBR159W"
"r_2168",True,"YJL097W"
"r_2169",True,"YJL097W"
"r_2170",True,"YJL097W"
"r_2171",True,"YJL097W"
"r_2172",True,"YJL097W"
"r_2173",True,"YJL097W"
"r_2174",True,"YJL097W"
"r_2175",False,"YDL015C"
"r_2176",False,"YDL015C"
"r_2177",False,"YDL015C"
"r_2178",False,"YDL015C"
"r_2179",False,"YDL015C"
"r_2180",False,"YDL015C"
"r_2181",False,"YDL015C"
"r_2182",False,"YGL055W"
"r_2183",False,"YGL055W"
"r_2194",True,"YOR317W"
"r_2195",True,"YOR317W, YMR246W"
"r_2196",True,"YOR317W, YMR246W"
"r_2197",True,"YOR317W, YMR246W"
"r_2198",True,"YOR317W, YMR246W"
"r_2199",True,"YOR317W, YMR246W"
"r_2200",True,"YOR317W"
"r_2201",True,"YOR317W, YMR246W"
"r_2202",True,"YOR317W, YMR246W"
"r_2203",True,"YOR317W, YMR246W"
"r_2204",True,"YOR317W, YMR246W"
"r_2205",True,"YOR317W, YMR246W"
"r_2206",True,"YER015W"
"r_2207",True,"YER015W"
"r_2208",True,"YER015W"
"r_2209",True,"YIL009W"
"r_2210",True,"YIL009W"
"r_2211",True,"YIL009W"
"r_2212",True,"YIL009W"
"r_2213",True,"YBR041W"
"r_2214",True,"YBR041W"
"r_2215",True,"YBR041W"
"r_2216",True,"YBR041W"
"r_2217",True,"YBR041W"
"r_2218",True,"YBR041W"
"r_2219",False,"YPL147W, YKL188C"
"r_2220",False,"YPL147W, YKL188C"
"r_2221",False,"YPL147W, YKL188C"
"r_2222",False,"YPL147W, YKL188C"
"r_2223",False,"YPL147W, YKL188C"
"r_2224",False,"YPL147W, YKL188C"
"r_2225",False,"YPL147W, YKL188C"
"r_2226",False,"YPL147W, YKL188C"
"r_2227",False,"YPL147W, YKL188C"
"r_2228",False,"YPL147W, YKL188C"
"r_2232",False,"YJR019C"
"r_2233",False,"YJR019C"
"r_2234",False,"YJR019C"
"r_2235",False,"YJR019C"
"r_2236",False,"YGL205W"
"r_2237",False,"YGL205W"
"r_2238",False,"YGL205W"
"r_2239",False,"YGL205W"
"r_2240",False,"YGL205W"
"r_2241",False,"YGL205W"
"r_2242",False,"YGL205W"
"r_2243",False,"YGL205W"
"r_2244",False,"YGL205W"
"r_2245",False,"YGL205W"
"r_2246",False,"YGL205W"
"r_2247",False,"YGL205W"
"r_2248",False,"YKR009C"
"r_2249",False,"YKR009C"
"r_2250",False,"YKR009C"
"r_2251",False,"YKR009C"
"r_2252",False,"YKR009C"
"r_2253",False,"YKR009C"
"r_2254",False,"YKR009C"
"r_2255",False,"YKR009C"
"r_2256",False,"YKR009C"
"r_2257",False,"YKR009C"
"r_2258",False,"YKR009C"
"r_2259",False,"YKR009C"
"r_2260",False,"YKR009C"
"r_2261",False,"YKR009C"
"r_2262",False,"YKR009C"
"r_2263",False,"YKR009C"
"r_2264",False,"YKR009C"
"r_2265",False,"YKR009C"
"r_2266",False,"YKR009C"
"r_2267",False,"YKR009C"
"r_2268",False,"YKR009C"
"r_2269",False,"YKR009C"
"r_2270",False,"YKR009C"
"r_2271",False,"YKR009C"
"r_2272",False,"YKR009C"
"r_2273",False,"YKR009C"
"r_2274",False,"YKR009C"
"r_2275",False,"YKR009C"
"r_2276",False,"YKR009C"
"r_2277",False,"YKR009C"
"r_2278",False,"YKR009C"
"r_2279",False,"YKR009C"
"r_2280",False,"YKR009C"
"r_2281",False,"YKR009C"
"r_2282",False,"YKR009C"
"r_2283",False,"YIL160C"
"r_2284",False,"YIL160C"
"r_2285",False,"YIL160C"
"r_2286",False,"YIL160C"
"r_2287",False,"YIL160C"
"r_2288",False,"YIL160C"
"r_2289",False,"YIL160C"
"r_2290",False,"YIL160C"
"r_2291",False,"YIL160C"
"r_2292",False,"YIL160C"
"r_2293",False,"YIL160C"
"r_2294",False,"YIL160C"
"r_2295",False,"YLR284C"
"r_2296",False,"YLR284C"
"r_2297",False,"YLR284C"
"r_2298",False,"YLR284C"
"r_2299",False,"YLR284C"
"r_2300",False,"YLR284C"
"r_2301",False,"YOR180C"
"r_2302",False,"YOR180C"
"r_2303",False,"YNL202W"
"r_2304",False,"YNL202W"
"r_2305",True,"YLR304C"
"r_2308",False,"YKR067W, YBL011W"
"r_2309",False,"YKR067W, YBL011W"
"r_2310",False,"YKR067W"
"r_2311",False,"YKR067W"
"r_2312",False,"YKR067W, YBL011W"
"r_2313",False,"YKR067W, YBL011W"
"r_2314",False,"YKR067W"
"r_2315",False,"YKR067W"
"r_2316",False,"YKR067W"
"r_2317",False,"YKR067W"
"r_2318",False,"YKR067W"
"r_2319",False,"YKR067W"
"r_2320",False,"YKR067W"
"r_2321",False,"YKR067W"
"r_2322",False,"YKR067W"
"r_2323",False,"YKR067W"
"r_2324",False,"YIL124W"
"r_2325",False,"YIL124W"
"r_2326",False,"YIL124W"
"r_2327",False,"YIL124W"
"r_2328",False,"YIL124W"
"r_2329",False,"YIL124W"
"r_2330",False,"YIL124W"
"r_2331",False,"YIL124W"
"r_2332",False,"YOR175C"
"r_2333",False,"YOR175C, YDL052C"
"r_2334",False,"YOR175C"
"r_2335",False,"YOR175C, YDL052C"
"r_2336",False,"YOR175C"
"r_2337",False,"YOR175C, YDL052C"
"r_2338",False,"YOR175C"
"r_2339",False,"YOR175C, YDL052C"
"r_2340",False,"YOR081C, YKR089C, YDL052C"
"r_2341",False,"YOR081C, YKR089C, YDL052C"
"r_2342",False,"YOR081C, YKR089C, YDL052C"
"r_2343",False,"YOR081C, YKR089C, YDL052C"
"r_2344",False,"YMR165C"
"r_2345",False,"YMR165C"
"r_2346",False,"YMR165C"
"r_2347",False,"YMR165C"
"r_2348",False,"YMR165C"
"r_2349",False,"YMR165C"
"r_2350",False,"YMR165C"
"r_2351",False,"YMR165C"
"r_2352",False,"YDR284C"
"r_2353",False,"YDR284C"
"r_2354",False,"YDR284C"
"r_2355",False,"YDR284C"
"r_2356",False,"YDR284C"
"r_2357",False,"YDR284C"
"r_2358",False,"YDR284C"
"r_2359",False,"YDR284C"
"r_2360",False,"YDR503C"
"r_2361",False,"YDR503C"
"r_2362",False,"YDR503C"
"r_2363",False,"YDR503C"
"r_2364",False,"YDR503C"
"r_2365",False,"YDR503C"
"r_2366",False,"YDR503C"
"r_2367",False,"YDR503C"
"r_2368",False,"YOR245C, YNR019W, YCR048W"
"r_2369",False,"YOR245C, YNR019W, YCR048W"
"r_2370",False,"YOR245C, YNR019W, YCR048W"
"r_2371",False,"YOR245C, YNR019W, YCR048W"
"r_2372",False,"YOR245C, YNR019W, YCR048W"
"r_2373",False,"YOR245C, YNR019W, YCR048W"
"r_2374",False,"YOR245C, YNR019W, YCR048W"
"r_2375",False,"YOR245C, YNR019W, YCR048W"
"r_2376",False,"YOR245C, YNR019W, YCR048W"
"r_2377",False,"YOR245C, YNR019W, YCR048W"
"r_2378",False,"YOR245C, YNR019W, YCR048W"
"r_2379",False,"YOR245C, YNR019W, YCR048W"
"r_2380",False,"YOR245C, YNR019W, YCR048W"
"r_2381",False,"YOR245C, YNR019W, YCR048W"
"r_2382",False,"YOR245C, YNR019W, YCR048W"
"r_2383",False,"YOR245C, YNR019W, YCR048W"
"r_2384",False,"YOR245C, YNR019W, YCR048W"
"r_2385",False,"YOR245C, YNR019W, YCR048W"
"r_2386",False,"YOR245C, YNR019W, YCR048W"
"r_2387",False,"YOR245C, YNR019W, YCR048W"
"r_2388",False,"YOR245C, YNR019W, YCR048W"
"r_2389",False,"YOR245C, YNR019W, YCR048W"
"r_2390",False,"YOR245C, YNR019W, YCR048W"
"r_2391",False,"YOR245C, YNR019W, YCR048W"
"r_2392",False,"YOR245C, YNR019W, YCR048W"
"r_2393",False,"YOR245C, YNR019W, YCR048W"
"r_2394",False,"YOR245C, YNR019W, YCR048W"
"r_2395",False,"YOR245C, YNR019W, YCR048W"
"r_2396",False,"YOR245C, YNR019W, YCR048W"
"r_2397",False,"YOR245C, YNR019W, YCR048W"
"r_2398",False,"YOR245C, YNR019W, YCR048W"
"r_2399",False,"YOR245C, YNR019W, YCR048W"
"r_2400",False,"YOR245C"
"r_2401",False,"YOR245C"
"r_2402",False,"YOR245C"
"r_2403",False,"YOR245C"
"r_2404",False,"YOR245C"
"r_2405",False,"YOR245C"
"r_2406",False,"YOR245C"
"r_2407",False,"YOR245C"
"r_2408",False,"YOR245C"
"r_2409",False,"YOR245C"
"r_2410",False,"YOR245C"
"r_2411",False,"YOR245C"
"r_2412",False,"YOR245C"
"r_2413",False,"YOR245C"
"r_2414",False,"YOR245C"
"r_2415",False,"YOR245C"
"r_2416",False,"YOR245C"
"r_2417",False,"YOR245C"
"r_2418",False,"YOR245C"
"r_2419",False,"YOR245C"
"r_2420",False,"YOR245C"
"r_2421",False,"YOR245C"
"r_2422",False,"YOR245C"
"r_2423",False,"YOR245C"
"r_2424",False,"YOR245C"
"r_2425",False,"YOR245C"
"r_2426",False,"YOR245C"
"r_2427",False,"YOR245C"
"r_2428",False,"YOR245C"
"r_2429",False,"YOR245C"
"r_2430",False,"YOR245C"
"r_2431",False,"YOR245C"
"r_2432",True,"YBR029C"
"r_2433",True,"YBR029C"
"r_2434",True,"YBR029C"
"r_2435",True,"YBR029C"
"r_2436",True,"YBR029C"
"r_2437",True,"YBR029C"
"r_2438",True,"YBR029C"
"r_2439",True,"YBR029C"
"r_2440",True,"YBR029C"
"r_2441",True,"YBR029C"
"r_2442",True,"YBR029C"
"r_2443",True,"YBR029C"
"r_2444",True,"YBR029C"
"r_2445",True,"YBR029C"
"r_2446",False,"YER026C"
"r_2447",False,"YER026C"
"r_2448",False,"YER026C"
"r_2449",False,"YER026C"
"r_2450",False,"YER026C"
"r_2451",False,"YER026C"
"r_2452",False,"YER026C"
"r_2453",False,"YER026C"
"r_2454",False,"YPR113W"
"r_2455",False,"YPR113W"
"r_2456",False,"YPR113W"
"r_2457",False,"YPR113W"
"r_2458",False,"YPR113W"
"r_2459",False,"YPR113W"
"r_2460",False,"YPR113W"
"r_2461",False,"YPR113W"
"r_2462",True,"YBR042C"
"r_2463",True,"YBR042C"
"r_2464",False,"YNL169C"
"r_2465",False,"YNL169C"
"r_2466",False,"YNL169C"
"r_2467",False,"YNL169C"
"r_2468",False,"YNL169C"
"r_2469",False,"YNL169C"
"r_2470",False,"YNL169C"
"r_2471",False,"YNL169C"
"r_2472",False,"YGR170W"
"r_2473",False,"YGR170W"
"r_2474",False,"YGR170W"
"r_2475",False,"YGR170W"
"r_2476",False,"YGR170W"
"r_2477",False,"YGR170W"
"r_2478",False,"YGR170W"
"r_2479",False,"YGR170W"
"r_2480",False,"YGR170W"
"r_2481",False,"YGR170W"
"r_2482",False,"YGR170W"
"r_2483",False,"YGR170W"
"r_2484",False,"YGR170W"
"r_2485",False,"YGR170W"
"r_2486",False,"YGR170W"
"r_2487",False,"YGR170W"
"r_2488",False,"YJR073C, YGR157W"
"r_2489",False,"YJR073C, YGR157W"
"r_2490",False,"YJR073C, YGR157W"
"r_2491",False,"YJR073C, YGR157W"
"r_2492",False,"YJR073C, YGR157W"
"r_2493",False,"YJR073C, YGR157W"
"r_2494",False,"YJR073C, YGR157W"
"r_2495",False,"YJR073C, YGR157W"
"r_2496",False,"YJR073C"
"r_2497",False,"YJR073C"
"r_2498",False,"YJR073C"
"r_2499",False,"YJR073C"
"r_2500",False,"YJR073C"
"r_2501",False,"YJR073C"
"r_2502",False,"YJR073C"
"r_2503",False,"YJR073C"
"r_2504",False,"YJR073C"
"r_2505",False,"YJR073C"
"r_2506",False,"YJR073C"
"r_2507",False,"YJR073C"
"r_2508",False,"YJR073C"
"r_2509",False,"YJR073C"
"r_2510",False,"YJR073C"
"r_2511",False,"YJR073C"
"r_2512",False,"YOR311C"
"r_2513",False,"YOR311C"
"r_2514",False,"YOR311C"
"r_2515",False,"YOR311C"
"r_2516",False,"YOR311C"
"r_2517",False,"YOR311C"
"r_2518",False,"YOR311C"
"r_2519",False,"YOR311C"
"r_2520",False,"YHR123W"
"r_2521",False,"YHR123W"
"r_2522",False,"YHR123W"
"r_2523",False,"YHR123W"
"r_2524",False,"YHR123W"
"r_2525",False,"YHR123W"
"r_2526",False,"YHR123W"
"r_2527",False,"YHR123W"
"r_2528",False,"YNL130C, YHR123W"
"r_2529",False,"YNL130C, YHR123W"
"r_2530",False,"YNL130C, YHR123W"
"r_2531",False,"YNL130C, YHR123W"
"r_2532",False,"YNL130C, YHR123W"
"r_2533",False,"YNL130C, YHR123W"
"r_2534",False,"YNL130C, YHR123W"
"r_2535",False,"YNL130C, YHR123W"
"r_2536",False,"YCL004W"
"r_2537",False,"YCL004W"
"r_2538",False,"YCL004W"
"r_2539",False,"YCL004W"
"r_2540",False,"YCL004W"
"r_2541",False,"YCL004W"
"r_2542",False,"YHR100C"
"r_2543",False,"YHR100C"
"r_2544",False,"YHR100C"
"r_2545",False,"YHR100C"
"r_2546",False,"YHR100C"
"r_2547",False,"YHR100C"
"r_2548",False,"YDL142C"
"r_2549",False,"YDL142C"
"r_2550",False,"YDL142C"
"r_2551",False,"YDL142C"
"r_2552",False,"YDL142C"
"r_2553",False,"YDL142C"
"r_2554",False,"YDL142C"
"r_2555",False,"YDL142C"
"r_2556",False,"YDL142C"
"r_2557",False,"YDL142C"
"r_2558",False,"YDL142C"
"r_2559",False,"YDL142C"
"r_2560",False,"YDL142C"
"r_2561",False,"YDL142C"
"r_2562",False,"YDL142C"
"r_2563",False,"YDL142C"
"r_2564",False,"YDL142C"
"r_2565",False,"YDL142C"
"r_2566",False,"YDL142C"
"r_2567",False,"YDL142C"
"r_2568",False,"YDL142C"
"r_2569",False,"YDL142C"
"r_2570",False,"YDL142C"
"r_2571",False,"YDL142C"
"r_2572",False,"YDL142C"
"r_2573",False,"YDL142C"
"r_2574",False,"YDL142C"
"r_2575",False,"YDL142C"
"r_2576",False,"YDL142C"
"r_2577",False,"YDL142C"
"r_2578",False,"YDL142C"
"r_2579",False,"YDL142C"
"r_2580",False,"YDL142C"
"r_2581",False,"YDL142C"
"r_2582",False,"YDL142C"
"r_2583",False,"YDL142C"
"r_2584",False,"YGR110W"
"r_2585",False,"YGR110W"
"r_2586",False,"YGR110W"
"r_2587",False,"YGR110W"
"r_2588",False,"YGR110W"
"r_2589",False,"YGR110W"
"r_2590",False,"YGR110W"
"r_2591",False,"YGR110W"
"r_2592",False,"YGR110W"
"r_2593",False,"YGR110W"
"r_2594",False,"YGR110W"
"r_2595",False,"YGR110W"
"r_2596",False,"YGR110W"
"r_2597",False,"YGR110W"
"r_2598",False,"YGR110W"
"r_2599",False,"YGR110W"
"r_2600",False,"YGR110W"
"r_2601",False,"YGR110W"
"r_2602",False,"YGR110W"
"r_2603",False,"YGR110W"
"r_2604",False,"YGR110W"
"r_2605",False,"YGR110W"
"r_2606",False,"YGR110W"
"r_2607",False,"YGR110W"
"r_2608",False,"YGR110W"
"r_2609",False,"YGR110W"
"r_2610",False,"YGR110W"
"r_2611",False,"YGR110W"
"r_2612",False,"YGR110W"
"r_2613",False,"YGR110W"
"r_2614",False,"YGR110W"
"r_2615",False,"YGR110W"
"r_2616",False,"YGR110W"
"r_2617",False,"YGR110W"
"r_2618",False,"YGR110W"
"r_2619",False,"YGR110W"
"r_2620",True,"YPR140W"
"r_2621",True,"YPR140W"
"r_2622",True,"YPR140W"
"r_2623",True,"YPR140W"
"r_2624",True,"YPR140W"
"r_2625",True,"YPR140W"
"r_2626",True,"YPR140W"
"r_2627",True,"YPR140W"
"r_2628",True,"YPR140W"
"r_2629",True,"YPR140W"
"r_2630",True,"YPR140W"
"r_2631",True,"YPR140W"
"r_2632",True,"YPR140W"
"r_2633",True,"YPR140W"
"r_2634",True,"YPR140W"
"r_2635",True,"YPR140W"
"r_2636",True,"YPR140W"
"r_2637",True,"YPR140W"
"r_2638",True,"YPR140W"
"r_2639",True,"YPR140W"
"r_2640",True,"YPR140W"
"r_2641",True,"YPR140W"
"r_2642",True,"YPR140W"
"r_2643",True,"YPR140W"
"r_2644",True,"YPR140W"
"r_2645",True,"YPR140W"
"r_2646",True,"YPR140W"
"r_2647",True,"YPR140W"
"r_2648",True,"YPR140W"
"r_2649",True,"YPR140W"
"r_2650",True,"YPR140W"
"r_2651",True,"YPR140W"
"r_2652",True,"YPR140W"
"r_2653",True,"YPR140W"
"r_2654",True,"YPR140W"
"r_2655",True,"YPR140W"
"r_2656",True,"YPR140W"
"r_2657",True,"YPR140W"
"r_2658",True,"YPR140W"
"r_2659",True,"YPR140W"
"r_2660",True,"YPR140W"
"r_2661",True,"YPR140W"
"r_2662",True,"YPR140W"
"r_2663",True,"YPR140W"
"r_2664",True,"YPR140W"
"r_2665",True,"YPR140W"
"r_2666",True,"YPR140W"
"r_2667",True,"YPR140W"
"r_2668",True,"YPR140W"
"r_2669",True,"YPR140W"
"r_2670",True,"YPR140W"
"r_2671",True,"YPR140W"
"r_2672",True,"YPR140W"
"r_2673",True,"YPR140W"
"r_2674",True,"YPR140W"
"r_2675",True,"YPR140W"
"r_2676",True,"YPR140W"
"r_2677",True,"YPR140W"
"r_2678",True,"YPR140W"
"r_2679",True,"YPR140W"
"r_2680",True,"YPR140W"
"r_2681",True,"YPR140W"
"r_2682",True,"YPR140W"
"r_2683",True,"YPR140W"
"r_2684",True,"YPR140W"
"r_2685",True,"YPR140W"
"r_2686",True,"YPR140W"
"r_2687",True,"YPR140W"
"r_2688",True,"YPR140W"
"r_2689",True,"YPR140W"
"r_2690",True,"YPR140W"
"r_2691",True,"YPR140W"
"r_2692",True,"YPR140W"
"r_2693",True,"YPR140W"
"r_2694",True,"YPR140W"
"r_2695",True,"YPR140W"
"r_2696",True,"YPR140W"
"r_2697",True,"YPR140W"
"r_2698",True,"YPR140W"
"r_2699",True,"YPR140W"
"r_2700",True,"YPR140W"
"r_2701",True,"YPR140W"
"r_2702",True,"YPR140W"
"r_2703",True,"YPR140W"
"r_2704",True,"YPR140W"
"r_2705",True,"YPR140W"
"r_2706",True,"YPR140W"
"r_2707",True,"YPR140W"
"r_2708",True,"YPR140W"
"r_2709",True,"YPR140W"
"r_2710",True,"YPR140W"
"r_2711",True,"YPR140W"
"r_2712",True,"YPR140W"
"r_2713",True,"YPR140W"
"r_2714",True,"YPR140W"
"r_2715",True,"YPR140W"
"r_2716",True,"YPR140W"
"r_2717",True,"YPR140W"
"r_2718",True,"YPR140W"
"r_2719",True,"YPR140W"
"r_2720",True,"YPR140W"
"r_2721",True,"YPR140W"
"r_2722",True,"YPR140W"
"r_2723",True,"YPR140W"
"r_2724",True,"YPR140W"
"r_2725",True,"YPR140W"
"r_2726",True,"YPR140W"
"r_2727",True,"YPR140W"
"r_2728",True,"YPR140W"
"r_2729",True,"YPR140W"
"r_2730",True,"YPR140W"
"r_2731",True,"YPR140W"
"r_2732",True,"YPR140W"
"r_2733",True,"YPR140W"
"r_2734",True,"YPR140W"
"r_2735",True,"YPR140W"
"r_2736",True,"YPR140W"
"r_2737",True,"YPR140W"
"r_2738",True,"YPR140W"
"r_2739",True,"YPR140W"
"r_2740",True,"YPR140W"
"r_2741",True,"YPR140W"
"r_2742",True,"YPR140W"
"r_2743",True,"YPR140W"
"r_2744",True,"YPR140W"
"r_2745",True,"YPR140W"
"r_2746",True,"YPR140W"
"r_2747",True,"YPR140W"
"r_2748",True,"YPR140W"
"r_2749",True,"YPR140W"
"r_2750",True,"YPR140W"
"r_2751",True,"YPR140W"
"r_2752",True,"YPR140W"
"r_2753",True,"YPR140W"
"r_2754",True,"YPR140W"
"r_2755",True,"YPR140W"
"r_2756",True,"YPR140W"
"r_2757",True,"YPR140W"
"r_2758",True,"YPR140W"
"r_2759",True,"YPR140W"
"r_2760",True,"YPR140W"
"r_2761",True,"YPR140W"
"r_2762",True,"YPR140W"
"r_2763",True,"YPR140W"
"r_2764",True,"YPR140W"
"r_2765",True,"YPR140W"
"r_2766",True,"YPR140W"
"r_2767",True,"YPR140W"
"r_2768",True,"YPR140W"
"r_2769",True,"YPR140W"
"r_2770",True,"YPR140W"
"r_2771",True,"YPR140W"
"r_2772",True,"YPR140W"
"r_2773",True,"YPR140W"
"r_2774",True,"YPR140W"
"r_2775",True,"YPR140W"
"r_2776",True,"YPR140W"
"r_2777",True,"YPR140W"
"r_2778",True,"YPR140W"
"r_2779",True,"YPR140W"
"r_2780",True,"YPR140W"
"r_2781",True,"YPR140W"
"r_2782",True,"YPR140W"
"r_2783",True,"YPR140W"
"r_2784",True,"YPR140W"
"r_2785",True,"YPR140W"
"r_2786",True,"YPR140W"
"r_2787",True,"YPR140W"
"r_2788",True,"YPR140W"
"r_2789",True,"YPR140W"
"r_2790",True,"YPR140W"
"r_2791",True,"YPR140W"
"r_2792",True,"YPR140W"
"r_2793",True,"YPR140W"
"r_2794",True,"YPR140W"
"r_2795",True,"YPR140W"
"r_2796",True,"YPR140W"
"r_2797",True,"YPR140W"
"r_2798",True,"YPR140W"
"r_2799",True,"YPR140W"
"r_2800",True,"YPR140W"
"r_2801",True,"YPR140W"
"r_2802",True,"YPR140W"
"r_2803",True,"YPR140W"
"r_2804",True,"YPR140W"
"r_2805",True,"YPR140W"
"r_2806",True,"YPR140W"
"r_2807",True,"YPR140W"
"r_2808",True,"YPR140W"
"r_2809",True,"YPR140W"
"r_2810",True,"YPR140W"
"r_2811",True,"YPR140W"
"r_2820",False,"YLR305C, YJL100W"
"r_2821",False,"YLR305C, YJL100W"
"r_2822",False,"YLR305C, YJL100W"
"r_2823",False,"YLR305C, YJL100W"
"r_2824",False,"YLR305C, YJL100W"
"r_2825",False,"YLR305C, YJL100W"
"r_2826",False,"YLR305C, YJL100W"
"r_2827",False,"YLR305C, YJL100W"
"r_2828",False,"YJL100W"
"r_2829",False,"YJL100W"
"r_2830",False,"YJL100W"
"r_2831",False,"YJL100W"
"r_2832",False,"YJL100W"
"r_2833",False,"YJL100W"
"r_2834",False,"YJL100W"
"r_2835",False,"YJL100W"
"r_2836",False,"YNL267W, YDR373W"
"r_2837",False,"YNL267W, YDR373W"
"r_2838",False,"YNL267W, YDR373W"
"r_2839",False,"YNL267W, YDR373W"
"r_2840",False,"YNL267W, YDR373W"
"r_2841",False,"YNL267W, YDR373W"
"r_2842",False,"YNL267W, YDR373W"
"r_2843",False,"YNL267W, YDR373W"
"r_2844",False,"YNL267W"
"r_2845",False,"YNL267W"
"r_2846",False,"YNL267W"
"r_2847",False,"YNL267W"
"r_2848",False,"YNL267W"
"r_2849",False,"YNL267W"
"r_2850",False,"YNL267W"
"r_2851",False,"YNL267W"
"r_2852",False,"YLR240W, YBR097W"
"r_2853",False,"YLR240W, YBR097W"
"r_2854",False,"YLR240W, YBR097W"
"r_2855",False,"YLR240W, YBR097W"
"r_2856",False,"YLR240W, YBR097W"
"r_2857",False,"YLR240W, YBR097W"
"r_2858",False,"YLR240W, YBR097W"
"r_2859",False,"YLR240W, YBR097W"
"r_2860",False,"YDR208W"
"r_2861",False,"YDR208W"
"r_2862",False,"YDR208W"
"r_2863",False,"YDR208W"
"r_2864",False,"YDR208W"
"r_2865",False,"YDR208W"
"r_2866",False,"YDR208W"
"r_2867",False,"YDR208W"
"r_2868",False,"YDR208W"
"r_2869",False,"YDR208W"
"r_2870",False,"YDR208W"
"r_2871",False,"YDR208W"
"r_2872",False,"YDR208W"
"r_2873",False,"YDR208W"
"r_2874",False,"YDR208W"
"r_2875",False,"YDR208W"
"r_2876",False,"YFR019W"
"r_2877",False,"YFR019W"
"r_2878",False,"YFR019W"
"r_2879",False,"YFR019W"
"r_2880",False,"YFR019W"
"r_2881",False,"YFR019W"
"r_2882",False,"YFR019W"
"r_2883",False,"YFR019W"
"r_2884",True,"YNR008W"
"r_2885",True,"YNR008W"
"r_2886",True,"YNR008W"
"r_2887",True,"YNR008W"
"r_2888",True,"YNR008W"
"r_2889",True,"YNR008W"
"r_2890",True,"YNR008W"
"r_2891",True,"YNR008W"
"r_2892",True,"YNR008W"
"r_2893",True,"YNR008W"
"r_2894",True,"YNR008W"
"r_2895",True,"YNR008W"
"r_2896",True,"YNR008W"
"r_2897",True,"YNR008W"
"r_2898",True,"YNR008W"
"r_2899",True,"YNR008W"
"r_2900",True,"YNR008W"
"r_2901",True,"YNR008W"
"r_2902",True,"YNR008W"
"r_2903",True,"YNR008W"
"r_2904",True,"YNR008W"
"r_2905",True,"YNR008W"
"r_2906",True,"YNR008W"
"r_2907",True,"YNR008W"
"r_2908",True,"YNR008W"
"r_2909",True,"YNR008W"
"r_2910",True,"YNR008W"
"r_2911",True,"YNR008W"
"r_2912",True,"YNR008W"
"r_2913",True,"YNR008W"
"r_2914",True,"YNR008W"
"r_2915",True,"YNR008W"
"r_2916",True,"YNR008W"
"r_2917",True,"YNR008W"
"r_2918",True,"YNR008W"
"r_2919",True,"YNR008W"
"r_2920",True,"YNR008W"
"r_2921",True,"YNR008W"
"r_2922",True,"YNR008W"
"r_2923",True,"YNR008W"
"r_2924",True,"YNR008W"
"r_2925",True,"YNR008W"
"r_2926",True,"YNR008W"
"r_2927",True,"YNR008W"
"r_2928",True,"YNR008W"
"r_2929",True,"YNR008W"
"r_2930",True,"YNR008W"
"r_2931",True,"YNR008W"
"r_2932",True,"YNR008W"
"r_2933",True,"YNR008W"
"r_2934",True,"YNR008W"
"r_2935",True,"YNR008W"
"r_2936",True,"YNR008W"
"r_2937",True,"YNR008W"
"r_2938",True,"YNR008W"
"r_2939",True,"YNR008W"
"r_2940",True,"YNR008W"
"r_2941",True,"YNR008W"
"r_2942",True,"YNR008W"
"r_2943",True,"YNR008W"
"r_2944",True,"YNR008W"
"r_2945",True,"YNR008W"
"r_2946",True,"YNR008W"
"r_2947",True,"YNR008W"
"r_2948",True,"YNR008W"
"r_2949",True,"YNR008W"
"r_2950",True,"YNR008W"
"r_2951",True,"YNR008W"
"r_2952",True,"YNR008W"
"r_2953",True,"YNR008W"
"r_2954",True,"YNR008W"
"r_2955",True,"YNR008W"
"r_2956",True,"YNR008W"
"r_2957",True,"YNR008W"
"r_2958",True,"YNR008W"
"r_2959",True,"YNR008W"
"r_2960",True,"YNR008W"
"r_2961",True,"YNR008W"
"r_2962",True,"YNR008W"
"r_2963",True,"YNR008W"
"r_2964",True,"YNR008W"
"r_2965",True,"YNR008W"
"r_2966",True,"YNR008W"
"r_2967",True,"YNR008W"
"r_2968",True,"YNR008W"
"r_2969",True,"YNR008W"
"r_2970",True,"YNR008W"
"r_2971",True,"YNR008W"
"r_2972",True,"YNR008W"
"r_2973",True,"YNR008W"
"r_2974",True,"YNR008W"
"r_2975",True,"YNR008W"
"r_2976",True,"YNR008W"
"r_2977",True,"YNR008W"
"r_2978",True,"YNR008W"
"r_2979",True,"YNR008W"
"r_2980",True,"YNR008W"
"r_2981",True,"YNR008W"
"r_2982",True,"YNR008W"
"r_2983",True,"YNR008W"
"r_2984",True,"YNR008W"
"r_2985",True,"YNR008W"
"r_2986",True,"YNR008W"
"r_2987",True,"YNR008W"
"r_2988",True,"YNR008W"
"r_2989",True,"YNR008W"
"r_2990",True,"YNR008W"
"r_2991",True,"YNR008W"
"r_2992",True,"YNR008W"
"r_2993",True,"YNR008W"
"r_2994",True,"YNR008W"
"r_2995",True,"YNR008W"
"r_2996",True,"YNR008W"
"r_2997",True,"YNR008W"
"r_2998",True,"YNR008W"
"r_2999",True,"YNR008W"
"r_3000",True,"YNR008W"
"r_3001",True,"YNR008W"
"r_3002",True,"YNR008W"
"r_3003",True,"YNR008W"
"r_3004",True,"YNR008W"
"r_3005",True,"YNR008W"
"r_3006",True,"YNR008W"
"r_3007",True,"YNR008W"
"r_3008",True,"YNR008W"
"r_3009",True,"YNR008W"
"r_3010",True,"YNR008W"
"r_3011",True,"YNR008W"
"r_3022",False,"YML059C"
"r_3023",False,"YML059C"
"r_3024",False,"YML059C"
"r_3025",False,"YML059C"
"r_3026",False,"YML059C"
"r_3027",False,"YML059C"
"r_3028",False,"YML059C"
"r_3029",False,"YML059C"
"r_3030",False,"YML059C"
"r_3031",False,"YML059C"
"r_3032",False,"YML059C"
"r_3033",False,"YML059C"
"r_3034",False,"YMR008C"
"r_3035",False,"YMR008C"
"r_3036",False,"YMR008C"
"r_3037",False,"YMR008C"
"r_3038",False,"YMR008C"
"r_3039",False,"YMR008C"
"r_3040",False,"YMR008C"
"r_3041",False,"YMR008C"
"r_3042",False,"YMR008C"
"r_3043",False,"YMR008C"
"r_3044",False,"YMR008C"
"r_3045",False,"YMR008C"
"r_3046",False,"YMR008C, YMR006C"
"r_3047",False,"YMR008C, YMR006C"
"r_3048",False,"YMR008C, YMR006C"
"r_3049",False,"YMR008C, YMR006C"
"r_3050",False,"YMR008C, YMR006C"
"r_3051",False,"YMR008C, YMR006C"
"r_3052",False,"YMR008C, YMR006C"
"r_3053",False,"YMR008C, YMR006C"
"r_3054",False,"YMR008C, YMR006C"
"r_3055",False,"YMR008C, YMR006C"
"r_3056",False,"YMR008C, YMR006C"
"r_3057",False,"YMR008C, YMR006C"
"r_3058",False,"YOL011W, YMR006C"
"r_3059",False,"YOL011W, YMR006C"
"r_3060",False,"YOL011W, YMR006C"
"r_3061",False,"YOL011W, YMR006C"
"r_3062",False,"YOL011W, YMR006C"
"r_3063",False,"YOL011W, YMR006C"
"r_3064",False,"YOL011W, YMR006C"
"r_3065",False,"YOL011W, YMR006C"
"r_3066",False,"YOL011W, YMR006C"
"r_3067",False,"YOL011W, YMR006C"
"r_3068",False,"YOL011W, YMR006C"
"r_3069",False,"YOL011W, YMR006C"
"r_3070",False,"YOL011W"
"r_3071",False,"YOL011W"
"r_3072",False,"YOL011W"
"r_3073",False,"YOL011W"
"r_3074",False,"YOL011W"
"r_3075",False,"YOL011W"
"r_3076",False,"YOL011W"
"r_3077",False,"YOL011W"
"r_3078",False,"YOL011W"
"r_3079",False,"YOL011W"
"r_3080",False,"YOL011W"
"r_3081",False,"YOL011W"
"r_3082",False,"YPL268W"
"r_3083",False,"YPL268W"
"r_3084",False,"YPL268W"
"r_3085",False,"YPL268W"
"r_3086",False,"YPL268W"
"r_3087",False,"YPL268W"
"r_3088",False,"YPL268W"
"r_3089",False,"YPL268W"
"r_3090",False,"YPL268W"
"r_3091",False,"YPL268W"
"r_3092",False,"YPL268W"
"r_3093",False,"YPL268W"
"r_3094",False,"YPL268W"
"r_3095",False,"YPL268W"
"r_3096",False,"YPL268W"
"r_3097",False,"YPL268W"
"r_3098",False,"YPL206C"
"r_3099",False,"YPL206C"
"r_3100",False,"YPL206C"
"r_3101",False,"YPL206C"
"r_3102",False,"YPL206C"
"r_3103",False,"YPL206C"
"r_3104",False,"YKR031C"
"r_3105",False,"YKR031C"
"r_3106",False,"YKR031C"
"r_3107",False,"YKR031C"
"r_3108",False,"YKR031C"
"r_3109",False,"YKR031C"
"r_3110",False,"YKR031C"
"r_3111",False,"YKR031C"
"r_3112",False,"YOR109W, YNL106C"
"r_3113",False,"YOR109W, YNL106C"
"r_3114",False,"YOR109W, YNL106C"
"r_3115",False,"YOR109W, YNL106C"
"r_3116",False,"YOR109W, YNL106C"
"r_3117",False,"YOR109W, YNL106C"
"r_3118",False,"YOR109W, YNL106C"
"r_3119",False,"YOR109W, YNL106C"
"r_3120",False,"YOR109W, YNL106C, YJR110W"
"r_3121",False,"YOR109W, YNL106C, YJR110W"
"r_3122",False,"YOR109W, YNL106C, YJR110W"
"r_3123",False,"YOR109W, YNL106C, YJR110W"
"r_3124",False,"YOR109W, YNL106C, YJR110W"
"r_3125",False,"YOR109W, YNL106C, YJR110W"
"r_3126",False,"YOR109W, YNL106C, YJR110W"
"r_3127",False,"YOR109W, YNL106C, YJR110W"
"r_3128",False,"YKL212W"
"r_3129",False,"YKL212W"
"r_3130",False,"YKL212W"
"r_3131",False,"YKL212W"
"r_3132",False,"YKL212W"
"r_3133",False,"YKL212W"
"r_3134",False,"YKL212W"
"r_3135",False,"YKL212W"
"r_3136",False,"YKL212W"
"r_3137",False,"YKL212W"
"r_3138",False,"YKL212W"
"r_3139",False,"YKL212W"
"r_3140",False,"YKL212W"
"r_3141",False,"YKL212W"
"r_3142",False,"YKL212W"
"r_3143",False,"YKL212W"
"r_3144",False,"YOR109W, YNL106C"
"r_3145",False,"YOR109W, YNL106C"
"r_3146",False,"YOR109W, YNL106C"
"r_3147",False,"YOR109W, YNL106C"
"r_3148",False,"YOR109W, YNL106C"
"r_3149",False,"YOR109W, YNL106C"
"r_3150",False,"YOR109W, YNL106C"
"r_3151",False,"YOR109W, YNL106C"
"r_3152",False,"YOR109W, YNL106C"
"r_3153",False,"YOR109W, YNL106C"
"r_3154",False,"YOR109W, YNL106C"
"r_3155",False,"YOR109W, YNL106C"
"r_3156",False,"YOR109W, YNL106C"
"r_3157",False,"YOR109W, YNL106C"
"r_3158",False,"YOR109W, YNL106C"
"r_3159",False,"YOR109W, YNL106C"
"r_3160",False,"YKL212W"
"r_3161",False,"YKL212W"
"r_3162",False,"YKL212W"
"r_3163",False,"YKL212W"
"r_3164",False,"YKL212W"
"r_3165",False,"YKL212W"
"r_3166",False,"YKL212W"
"r_3167",False,"YKL212W"
"r_3168",False,"YKL212W"
"r_3169",False,"YKL212W"
"r_3170",False,"YKL212W"
"r_3171",False,"YKL212W"
"r_3172",False,"YKL212W"
"r_3173",False,"YKL212W"
"r_3174",False,"YKL212W"
"r_3175",False,"YKL212W"
"r_3176",False,"YOR109W, YNL106C"
"r_3177",False,"YOR109W, YNL106C"
"r_3178",False,"YOR109W, YNL106C"
"r_3179",False,"YOR109W, YNL106C"
"r_3180",False,"YOR109W, YNL106C"
"r_3181",False,"YOR109W, YNL106C"
"r_3182",False,"YOR109W, YNL106C"
"r_3183",False,"YOR109W, YNL106C"
"r_3184",False,"YOR109W, YNL106C"
"r_3185",False,"YOR109W, YNL106C"
"r_3186",False,"YOR109W, YNL106C"
"r_3187",False,"YOR109W, YNL106C"
"r_3188",False,"YOR109W, YNL106C"
"r_3189",False,"YOR109W, YNL106C"
"r_3190",False,"YOR109W, YNL106C"
"r_3191",False,"YOR109W, YNL106C"
"r_3192",False,"YOR109W, YNL106C, YIL002C"
"r_3193",False,"YOR109W, YNL106C, YIL002C"
"r_3194",False,"YOR109W, YNL106C, YIL002C"
"r_3195",False,"YOR109W, YNL106C, YIL002C"
"r_3196",False,"YOR109W, YNL106C, YIL002C"
"r_3197",False,"YOR109W, YNL106C, YIL002C"
"r_3198",False,"YOR109W, YNL106C, YIL002C"
"r_3199",False,"YOR109W, YNL106C, YIL002C"
"r_3200",False,"YOR109W, YNL106C, YIL002C"
"r_3201",False,"YOR109W, YNL106C, YIL002C"
"r_3202",False,"YOR109W, YNL106C, YIL002C"
"r_3203",False,"YOR109W, YNL106C, YIL002C"
"r_3204",False,"YOR109W, YNL106C, YIL002C"
"r_3205",False,"YOR109W, YNL106C, YIL002C"
"r_3206",False,"YOR109W, YNL106C, YIL002C"
"r_3207",False,"YOR109W, YNL106C, YIL002C"
"r_3208",False,"YOL065C"
"r_3209",False,"YOL065C"
"r_3210",False,"YOL065C"
"r_3211",False,"YOL065C"
"r_3212",False,"YOL065C"
"r_3213",False,"YOL065C"
"r_3214",False,"YOL065C"
"r_3215",False,"YOL065C"
"r_3216",False,"YNL325C, YLR386W"
"r_3217",False,"YNL325C, YLR386W"
"r_3218",False,"YNL325C, YLR386W"
"r_3219",False,"YNL325C, YLR386W"
"r_3220",False,"YNL325C, YLR386W"
"r_3221",False,"YNL325C, YLR386W"
"r_3222",False,"YNL325C, YLR386W"
"r_3223",False,"YNL325C, YLR386W"
"r_3224",False,"YDR284C"
"r_3225",False,"YDR284C"
"r_3226",False,"YDR284C"
"r_3227",False,"YDR284C"
"r_3228",False,"YDR284C"
"r_3229",False,"YDR284C"
"r_3230",False,"YDR284C"
"r_3231",False,"YDR284C"
"r_3232",False,"YDR503C"
"r_3233",False,"YDR503C"
"r_3234",False,"YDR503C"
"r_3235",False,"YDR503C"
"r_3236",False,"YDR503C"
"r_3237",False,"YDR503C"
"r_3238",False,"YDR503C"
"r_3239",False,"YDR503C"
"r_3240",False,"YER037W"
"r_3241",False,"YER037W"
"r_3242",False,"YER037W"
"r_3243",False,"YER037W"
"r_3244",False,"YDR284C"
"r_3245",False,"YDR284C"
"r_3246",False,"YDR284C"
"r_3247",False,"YDR284C"
"r_3248",False,"YDR503C"
"r_3249",False,"YDR503C"
"r_3250",False,"YDR503C"
"r_3251",False,"YDR503C"
"r_3252",False,"YLL012W, YKL140W"
"r_3253",False,"YLL012W, YKL140W"
"r_3254",False,"YLL012W"
"r_3255",False,"YLL012W"
"r_3256",False,"YLL012W"
"r_3257",False,"YLL012W"
"r_3258",False,"YLL012W"
"r_3259",False,"YLL012W"
"r_3260",False,"YLL012W"
"r_3261",False,"YLL012W"
"r_3262",False,"YLR020C"
"r_3263",False,"YLR020C"
"r_3264",False,"YCR068W, YOR081C, YMR313C, YKR089C, YBR204C"
"r_3265",False,"YOR081C, YMR313C, YKR089C, YBR204C"
"r_3266",False,"YOR081C, YMR313C, YKR089C, YBR204C"
"r_3267",False,"YOR081C, YMR313C, YKR089C, YBR204C"
"r_3268",False,"YOR081C, YMR313C, YKR089C, YBR204C"
"r_3269",False,"YOR081C, YMR313C, YKR089C, YBR204C"
"r_3270",False,"YOR081C, YMR313C, YKR089C, YBR204C"
"r_3271",False,"YOR081C, YMR313C, YKR089C, YBR204C"
"r_3272",False,"YOR081C, YMR313C, YKR089C, YBR204C"
"r_3273",False,"YOR081C, YMR313C, YKR089C, YBR204C"
"r_3274",False,"YOR081C, YMR313C, YKR089C, YBR204C"
"r_3275",False,"YOR081C, YMR313C, YKR089C, YBR204C"
"r_3276",False,"YOR081C, YMR313C, YKR089C, YBR204C"
"r_3277",False,"YOR081C, YMR313C, YKR089C, YBR204C"
"r_3278",False,"YOR081C, YMR313C, YKR089C, YBR204C"
"r_3279",False,"YOR081C, YMR313C, YKR089C, YBR204C"
"r_3280",False,"YOR081C, YMR313C, YKR089C, YBR204C"
"r_3281",False,"YOR081C, YMR313C, YKR089C, YBR204C"
"r_3282",False,"YOR081C, YMR313C, YKR089C, YBR204C"
"r_3283",False,"YOR081C, YMR313C, YKR089C, YBR204C"
"r_3284",False,"YOR081C, YMR313C, YKR089C, YBR204C"
"r_3285",False,"YOR081C, YMR313C, YKR089C, YBR204C"
"r_3286",False,"YOR081C, YMR313C, YKR089C, YBR204C"
"r_3287",False,"YOR081C, YMR313C, YKR089C, YBR204C"
"r_3288",False,"YOR081C, YMR313C, YKR089C, YBR204C"
"r_3289",False,"YOR081C, YMR313C, YKR089C, YBR204C"
"r_3290",False,"YOR081C, YMR313C, YKR089C, YBR204C"
"r_3291",False,"YOR081C, YMR313C, YKR089C, YBR204C"
"r_3292",False,"YOR081C, YMR313C, YKR089C, YBR204C"
"r_3293",False,"YOR081C, YMR313C, YKR089C, YBR204C"
"r_3294",False,"YOR081C, YMR313C, YKR089C, YBR204C"
"r_3295",False,"YOR081C, YMR313C, YKR089C, YBR204C"
"r_3296",False,"YMR313C"
"r_3297",False,"YMR313C, YCR068W"
"r_3298",False,"YMR313C"
"r_3299",False,"YMR313C"
"r_3300",False,"YMR313C"
"r_3301",False,"YMR313C"
"r_3302",False,"YMR313C"
"r_3303",False,"YMR313C"
"r_3304",False,"YDR058C"
"r_3305",False,"YDR058C"
"r_3306",False,"YDR058C"
"r_3307",False,"YDR058C"
"r_3308",False,"YKL094W"
"r_3309",False,"YKL094W"
"r_3310",False,"YKL094W"
"r_3311",False,"YKL094W"
"r_3312",False,"YMR313C"
"r_3313",False,"YMR313C"
"r_3314",False,"YMR313C"
"r_3315",False,"YMR313C"
"r_3316",False,"YKR089C"
"r_3317",False,"YKR089C"
"r_3318",False,"YKR089C"
"r_3319",False,"YKR089C"
"r_3320",False,"YKR089C"
"r_3321",False,"YKR089C"
"r_3322",False,"YKR089C"
"r_3323",False,"YKR089C"
"r_3324",False,"YKR089C"
"r_3325",False,"YKR089C"
"r_3326",False,"YKR089C"
"r_3327",False,"YKR089C"
"r_3328",False,"YKR089C"
"r_3329",False,"YKR089C"
"r_3330",False,"YKR089C"
"r_3331",False,"YKR089C"
"r_3348",False,"YDR072C"
"r_3349",False,"YDR072C"
"r_3350",False,"YDR072C"
"r_3351",False,"YDR072C"
"r_3352",False,"YDR072C"
"r_3353",False,"YDR072C"
"r_3354",False,"YDR072C"
"r_3355",False,"YDR072C"
"r_3356",False,"YDR072C"
"r_3357",False,"YDR072C"
"r_3358",False,"YDR072C"
"r_3359",False,"YDR072C"
"r_3360",False,"YDR072C"
"r_3361",False,"YDR072C"
"r_3362",False,"YDR072C"
"r_3363",False,"YDR072C"
"r_3364",False,"YDR072C"
"r_3365",False,"YDR072C"
"r_3366",False,"YDR072C"
"r_3367",False,"YDR072C"
"r_3368",False,"YDR072C"
"r_3369",False,"YDR072C"
"r_3370",False,"YDR072C"
"r_3371",False,"YDR072C"
"r_3372",False,"YDR072C"
"r_3373",False,"YDR072C"
"r_3374",False,"YDR072C"
"r_3375",False,"YDR072C"
"r_3376",False,"YDR072C"
"r_3377",False,"YDR072C"
"r_3378",False,"YDR072C"
"r_3379",False,"YDR072C"
"r_3380",False,"YDR072C"
"r_3381",False,"YDR072C"
"r_3382",False,"YDR072C"
"r_3383",False,"YDR072C"
"r_3384",False,"YDR072C"
"r_3385",False,"YDR072C"
"r_3386",False,"YDR072C"
"r_3387",False,"YDR072C"
"r_3388",False,"YDR072C"
"r_3389",False,"YDR072C"
"r_3390",False,"YDR072C"
"r_3391",False,"YDR072C"
"r_3392",False,"YDR072C"
"r_3393",False,"YDR072C"
"r_3394",False,"YDR072C"
"r_3395",False,"YDR072C"
"r_3396",False,"YDR072C"
"r_3397",False,"YDR072C"
"r_3398",False,"YDR072C"
"r_3399",False,"YDR072C"
"r_3400",False,"YDR072C"
"r_3401",False,"YDR072C"
"r_3402",False,"YDR072C"
"r_3403",False,"YDR072C"
"r_3404",False,"YDR072C"
"r_3405",False,"YDR072C"
"r_3406",False,"YDR072C"
"r_3407",False,"YDR072C"
"r_3408",False,"YDR072C"
"r_3409",False,"YDR072C"
"r_3410",False,"YDR072C"
"r_3411",False,"YDR072C"
"r_3412",False,"YDR072C"
"r_3413",False,"YDR072C"
"r_3414",False,"YDR072C"
"r_3415",False,"YDR072C"
"r_3416",False,"YDR072C"
"r_3417",False,"YDR072C"
"r_3418",False,"YDR072C"
"r_3419",False,"YDR072C"
"r_3420",False,"YDR072C"
"r_3421",False,"YDR072C"
"r_3422",False,"YDR072C"
"r_3423",False,"YDR072C"
"r_3424",False,"YDR072C"
"r_3425",False,"YDR072C"
"r_3426",False,"YDR072C"
"r_3427",False,"YDR072C"
"r_3428",False,"YKL004W, YDR367W"
"r_3429",False,"YKL004W, YDR367W"
"r_3430",False,"YKL004W, YDR367W"
"r_3431",False,"YKL004W, YDR367W"
"r_3432",False,"YKL004W, YDR367W"
"r_3433",False,"YKL004W, YDR367W"
"r_3434",False,"YKL004W, YDR367W"
"r_3435",False,"YKL004W, YDR367W"
"r_3436",False,"YKL004W, YDR367W"
"r_3437",False,"YKL004W, YDR367W"
"r_3438",False,"YKL004W, YDR367W"
"r_3439",False,"YKL004W, YDR367W"
"r_3440",False,"YKL004W, YDR367W"
"r_3441",False,"YKL004W, YDR367W"
"r_3442",False,"YKL004W, YDR367W"
"r_3443",False,"YKL004W, YDR367W"
"r_3444",False,"YKL004W, YDR367W"
"r_3445",False,"YKL004W, YDR367W"
"r_3446",False,"YKL004W, YDR367W"
"r_3447",False,"YKL004W, YDR367W"
"r_3448",False,"YKL004W, YDR367W"
"r_3449",False,"YKL004W, YDR367W"
"r_3450",False,"YKL004W, YDR367W"
"r_3451",False,"YKL004W, YDR367W"
"r_3452",False,"YKL004W, YDR367W"
"r_3453",False,"YKL004W, YDR367W"
"r_3454",False,"YKL004W, YDR367W"
"r_3455",False,"YKL004W, YDR367W"
"r_3456",False,"YKL004W, YDR367W"
"r_3457",False,"YKL004W, YDR367W"
"r_3458",False,"YKL004W, YDR367W"
"r_3459",False,"YKL004W, YDR367W"
"r_3460",False,"YKL004W, YDR367W"
"r_3461",False,"YKL004W, YDR367W"
"r_3462",False,"YKL004W, YDR367W"
"r_3463",False,"YKL004W, YDR367W"
"r_3464",False,"YKL004W, YDR367W"
"r_3465",False,"YKL004W, YDR367W"
"r_3466",False,"YKL004W, YDR367W"
"r_3467",False,"YKL004W, YDR367W"
"r_3468",False,"YKL004W, YDR367W"
"r_3469",False,"YKL004W, YDR367W"
"r_3470",False,"YKL004W, YDR367W"
"r_3471",False,"YKL004W, YDR367W"
"r_3472",False,"YKL004W, YDR367W"
"r_3473",False,"YKL004W, YDR367W"
"r_3474",False,"YKL004W, YDR367W"
"r_3475",False,"YKL004W, YDR367W"
"r_3476",False,"YKL004W, YDR367W"
"r_3477",False,"YKL004W, YDR367W"
"r_3478",False,"YKL004W, YDR367W"
"r_3479",False,"YKL004W, YDR367W"
"r_3480",False,"YKL004W, YDR367W"
"r_3481",False,"YKL004W, YDR367W"
"r_3482",False,"YKL004W, YDR367W"
"r_3483",False,"YKL004W, YDR367W"
"r_3484",False,"YKL004W, YDR367W"
"r_3485",False,"YKL004W, YDR367W"
"r_3486",False,"YKL004W, YDR367W"
"r_3487",False,"YKL004W, YDR367W"
"r_3488",False,"YKL004W, YDR367W"
"r_3489",False,"YKL004W, YDR367W"
"r_3490",False,"YKL004W, YDR367W"
"r_3491",False,"YKL004W, YDR367W"
"r_3492",False,"YKL004W, YDR367W"
"r_3493",False,"YKL004W, YDR367W"
"r_3494",False,"YKL004W, YDR367W"
"r_3495",False,"YKL004W, YDR367W"
"r_3496",False,"YKL004W, YDR367W"
"r_3497",False,"YKL004W, YDR367W"
"r_3498",False,"YKL004W, YDR367W"
"r_3499",False,"YKL004W, YDR367W"
"r_3500",False,"YKL004W, YDR367W"
"r_3501",False,"YKL004W, YDR367W"
"r_3502",False,"YKL004W, YDR367W"
"r_3503",False,"YKL004W, YDR367W"
"r_3504",False,"YKL004W, YDR367W"
"r_3505",False,"YKL004W, YDR367W"
"r_3506",False,"YKL004W, YDR367W"
"r_3507",False,"YKL004W, YDR367W"
"r_4039",True,"YBL015W"
"r_4042",False,"YIL020C"
"r_4045",False,"YDR400W"
"r_4152",True,"YKL087C, YAL039C"
"r_4153",True,"YAL061W"
"r_4154",True,"YAL061W"
"r_4155",False,"YBL080C"
"r_4156",True,"YLR244C, YBL091C"
"r_4157",True,"YMR087W, YBR022W"
"r_4158",True,"YBR046C"
"r_4159",True,"YGL047W, YBR070C"
"r_4160",True,"YBR111C"
"r_4161",True,"YDR352W, YBR147W"
"r_4162",True,"YDR352W, YBR147W"
"r_4163",True,"YDR352W, YBR147W"
"r_4164",True,"YBR222C"
"r_4165",True,"YBR229C"
"r_4166",True,"YBR229C"
"r_4167",True,"YBR235W"
"r_4168",True,"YGL104C, YBR241C"
"r_4169",True,"YGL104C, YBR241C"
"r_4170",True,"YBR243C"
"r_4171",False,"YNL191W, YBR281C"
"r_4172",False,"YBR295W"
"r_4173",True,"YCL017C"
"r_4174",True,"YCR011C"
"r_4175",True,"YPL088W, YOL165C, YNL331C, YJR155W, YDL243C, YCR107W"
"r_4176",True,"YPL088W, YOL165C, YNL331C, YJR155W, YDL243C, YCR107W"
"r_4177",True,"YPL088W, YOL165C, YNL331C, YJR155W, YDL243C, YCR107W"
"r_4178",True,"YPL088W, YOL165C, YNL331C, YJR155W, YDL243C, YCR107W"
"r_4179",True,"YPL088W, YOL165C, YNL331C, YJR155W, YDL243C, YCR107W"
"r_4180",True,"YPL088W, YOL165C, YNL331C, YJR155W, YDL243C, YCR107W"
"r_4181",True,"YEL031W"
"r_4183",True,"YNR073C, YEL070W"
"r_4184",True,"YER010C"
"r_4185",False,"YER010C"
"r_4186",True,"YER042W"
"r_4187",False,"YER087W"
"r_4188",False,"YER163C"
"r_4189",True,"YHL018W"
"r_4190",True,"YHR008C"
"r_4191",True,"YHR044C, YHR043C"
"r_4192",True,"YHR109W"
"r_4193",True,"YJL168C, YDR440W, YHR119W"
"r_4194",True,"YIL023C"
"r_4195",True,"YOR316C, YMR243C"
"r_4196",True,"YML125C, YIL043C"
"r_4197",True,"YML125C, YKL150W, YIL043C"
"r_4198",True,"YIR036C"
"r_4199",True,"YIR038C"
"r_4200",True,"YKR076W, YMR251W"
"r_4201",True,"YLL060C"
"r_4202",True,"YKL069W"
"r_4203",True,"YKL103C"
"r_4204",True,"YKL103C"
"r_4205",False,"YKL215C"
"r_4206",True,"YKL218C"
"r_4207",True,"YGR154C"
"r_4208",True,"YKR076W"
"r_4209",True,"YGR154C"
"r_4210",True,"YNL335W, YFL061W"
"r_4211",True,"YNL334C, YFL060C"
"r_4212",True,"YNL333W, YFL059W"
"r_4214",True,"YFR044C"
"r_4215",True,"YFR044C"
"r_4216",True,"YDL024C"
"r_4217",True,"YDL120W"
"r_4218",True,"YDL219W"
"r_4219",True,"YDL219W"
"r_4220",True,"YDL236W"
"r_4221",True,"YDL246C"
"r_4222",False,"YDR009W"
"r_4223",True,"YDR036C"
"r_4224",False,"YDR040C, YDR039C, YDR038C"
"r_4225",True,"YOL075C, YDR051C"
"r_4226",True,"YDR111C"
"r_4227",True,"YDR242W"
"r_4228",True,"YDR242W"
"r_4229",True,"YDR242W"
"r_4230",True,"YDR242W"
"r_4231",True,"YDR242W"
"r_4232",False,"YDR248C"
"r_4233",True,"YDR410C"
"r_4234",True,"YPL096C-A, YPL175W, YPL076W, YNL038W, YGR216C, YDR437W"
"r_4235",False,"YDR516C"
"r_4236",True,"YPL280W, YOR391C, YMR322C, YDR533C"
"r_4237",False,"YGL006W"
"r_4238",False,"YGL167C"
"r_4239",True,"YGL017W"
"r_4240",True,"YGL022W"
"r_4241",True,"YGL027C"
"r_4242",True,"YGL038C"
"r_4243",True,"YGL065C"
"r_4244",True,"YGL065C"
"r_4245",False,"YGL156W"
"r_4246",False,"YGL156W"
"r_4247",False,"YGL169W"
"r_4248",True,"YGL196W"
"r_4249",True,"YGR012W"
"r_4250",True,"YGR036C"
"r_4251",True,"YGR046W"
"r_4252",True,"YGR144W"
"r_4253",True,"YGR227W"
"r_4254",False,"YGR234W"
"r_4255",False,"YGR234W"
"r_4256",False,"YJL046W"
"r_4258",False,"YJL046W"
"r_4260",True,"YJL126W"
"r_4261",True,"YJL126W"
"r_4262",True,"YJL200C"
"r_4263",True,"YJR040W"
"r_4264",True,"YJR051W"
"r_4265",False,"YJR069C"
"r_4266",False,"YJR069C"
"r_4267",False,"YJR069C"
"r_4268",False,"YJR069C"
"r_4269",True,"YJR069C"
"r_4270",True,"YJR104C"
"r_4271",True,"YLR057W, YJR131W"
"r_4272",True,"YLR057W, YJR131W"
"r_4273",True,"YJR149W"
"r_4274",True,"YML082W, YLL058W"
"r_4275",True,"YOR384W, YOR381W, YOL152W, YNR060W, YLR214W, YKL220C, YLR047C"
"r_4276",True,"YLL051C"
"r_4277",True,"YPR139C, YLR099C"
"r_4278",False,"YLR143W"
"r_4279",True,"YLR151C"
"r_4280",True,"YLR239C"
"r_4281",True,"YLR239C"
"r_4282",False,"YLR345W"
"r_4283",False,"YLR446W"
"r_4284",False,"YLR446W"
"r_4285",False,"YLR446W"
"r_4286",False,"YLR446W"
"r_4287",False,"YLR446W"
"r_4288",True,"YMR099C"
"r_4291",True,"YMR110C"
"r_4292",True,"YMR110C"
"r_4293",False,"YMR110C"
"r_4294",False,"YMR110C"
"r_4295",True,"YMR110C"
"r_4296",True,"YMR110C"
"r_4297",True,"YMR110C"
"r_4298",True,"YMR110C"
"r_4299",True,"YMR110C"
"r_4300",True,"YMR110C"
"r_4301",True,"YMR110C"
"r_4302",True,"YMR110C"
"r_4303",True,"YMR110C"
"r_4304",True,"YMR110C"
"r_4305",True,"YMR110C"
"r_4306",True,"YMR110C"
"r_4307",True,"YMR110C"
"r_4308",False,"YMR162C"
"r_4309",False,"YMR210W"
"r_4310",True,"YNL048W"
"r_4311",True,"YNL048W"
"r_4312",True,"YNL092W"
"r_4313",True,"YNL219C"
"r_4314",True,"YNL219C"
"r_4315",True,"YNL274C"
"r_4316",True,"YNR030W"
"r_4317",True,"YOL157C"
"r_4318",True,"YOL157C"
"r_4319",True,"YOL157C"
"r_4320",True,"YOR002W"
"r_4321",True,"YOR067C"
"r_4322",True,"YOR149C"
"r_4323",True,"YOR196C"
"r_4324",True,"YOR196C"
"r_4325",False,"YPL135W, YOR226C"
"r_4326",True,"YOR286W, YOR285W, YOR251C"
"r_4327",True,"YPL060W, YOR334W"
"r_4328",True,"YPL227C"
"r_4329",True,"YPR003C"
"r_4330",True,"YPR127W"
"r_4331",True,"YLR286C, YDR371W"
"r_4332",True,"YOR161C"
"r_4333",True,"YDR452W, YHR201C"
"r_4334",False,"YDR270W"
"r_4335",False,"YDR452W"
"r_4336",True,"YLR351C"
"r_4337",True,"YMR301C"
"r_4338",True,"YOL157C"
"r_4339",True,"YEL004W"
"r_4340",True,"YEL066W"
"r_4403",False,"YDR452W, YHR201C"
"r_4435",False,"YER062C, YIL053W"
"r_4484",True,"YML082W, YLL058W, YJR130C"
"r_4587",True,"YOL122C"
"r_4588",True,"YNL275W"
"r_4589",True,"YOL122C"
"r_4590",True,"YGR191W"
"r_4591",True,"YLR130C, YGL255W"
"r_4592",True,"YOL130W, GR191W"
